{
  "initial_capital": 10000,
  "final_value": 5630.226684795407,
  "total_return_pct": -43.697733152045934,
  "total_trades": 14,
  "ml_enabled": true,
  "narrative_enabled": true,
  "market_regime": "Sideways",
  "timestamp": "2025-11-03T08:40:22.285384"
}