{
  "initial_capital": 10000,
  "final_value": 8995.113563392744,
  "total_return_pct": -10.048864366072557,
  "total_trades": 6,
  "ml_enabled": true,
  "narrative_enabled": true,
  "market_regime": "Bear",
  "timestamp": "2025-11-06T08:39:02.658434"
}