{
  "initial_capital": 10000,
  "final_value": 9007.879062065478,
  "total_return_pct": -9.921209379345218,
  "total_trades": 6,
  "ml_enabled": true,
  "narrative_enabled": true,
  "market_regime": "Bear",
  "timestamp": "2025-11-05T08:40:07.864600"
}