{
  "initial_capital": 10000,
  "final_value": 8445.164468135641,
  "total_return_pct": -15.548355318643589,
  "total_trades": 21,
  "max_positions": 5,
  "timestamp": "2025-10-19T19:02:39.038242"
}