{
  "initial_capital": 10000,
  "final_value": 5922.421381397509,
  "total_return_pct": -40.77578618602491,
  "total_trades": 21,
  "timestamp": "2025-11-02T08:32:06.557883"
}