{
  "initial_capital": 10000,
  "final_value": 8961.805882947794,
  "total_return_pct": -10.38194117052206,
  "total_trades": 6,
  "ml_enabled": true,
  "narrative_enabled": true,
  "market_regime": "Bear",
  "timestamp": "2025-11-12T08:40:52.964471"
}