{
  "initial_capital": 10000,
  "final_value": 5372.259995761443,
  "total_return_pct": -46.27740004238557,
  "total_trades": 16,
  "ml_enabled": true,
  "timestamp": "2025-11-02T18:14:17.976167"
}