{
  "initial_capital": 10000,
  "final_value": 5616.475716207171,
  "total_return_pct": -43.83524283792829,
  "total_trades": 14,
  "ml_enabled": true,
  "narrative_enabled": true,
  "market_regime": null,
  "timestamp": "2025-11-02T23:30:21.163086"
}