{
  "initial_capital": 10000,
  "final_value": 6713.923009011982,
  "total_return_pct": -32.86076990988018,
  "total_trades": 23,
  "max_positions": 5,
  "timestamp": "2025-11-01T08:33:43.004661"
}