{
  "initial_capital": 10000,
  "final_value": 8403.55829681786,
  "total_return_pct": -15.964417031821396,
  "total_trades": 11,
  "ml_enabled": true,
  "narrative_enabled": true,
  "market_regime": "Sideways",
  "timestamp": "2025-11-03T17:34:09.717795"
}