{
  "initial_capital": 10000,
  "final_value": 7988.722824627216,
  "total_return_pct": -20.112771753727838,
  "total_trades": 11,
  "ml_enabled": true,
  "narrative_enabled": true,
  "market_regime": "Sideways",
  "timestamp": "2025-11-09T08:33:06.554287"
}