{
  "timestamp": "2025-11-04T18:29:26.547351",
  "regime": "Bear",
  "confidence": 0.6426043425255764,
  "regime_score": -64.26043425255764,
  "indicators": {
    "price_momentum_7d": -0.682249479287202,
    "volume_ratio": 1.0099599823200298,
    "volatility_7d": 0.1657202212783962
  },
  "parameters": {
    "stop_loss_pct": -0.1,
    "take_profit_levels": [
      0.3,
      0.6,
      1.0
    ],
    "min_fusion_score": 0.6,
    "max_positions": 3,
    "position_size_pct": 0.08
  }
}