{
  "timestamp": "2025-11-09T19:05:31.031678",
  "regime": "Bear",
  "confidence": 0.5967600092571165,
  "regime_score": -59.67600092571165,
  "indicators": {
    "price_momentum_7d": 0.0016199953714417514,
    "volume_ratio": 0.5022092448363757,
    "volatility_7d": 0.47138219352711463
  },
  "parameters": {
    "stop_loss_pct": -0.1,
    "take_profit_levels": [
      0.3,
      0.6,
      1.0
    ],
    "min_fusion_score": 0.6,
    "max_positions": 3,
    "position_size_pct": 0.08
  }
}