{
  "timestamp": "2025-11-09T08:40:08.952345",
  "regime": "Sideways",
  "confidence": 0.33333333333333337,
  "regime_score": -20,
  "indicators": {
    "price_momentum_7d": 0.3501504281416339,
    "volume_ratio": 0.4350088219810611,
    "volatility_7d": 0.737949838707443
  },
  "parameters": {
    "stop_loss_pct": -0.15,
    "take_profit_levels": [
      0.5,
      1.0,
      2.0
    ],
    "min_fusion_score": 0.5,
    "max_positions": 5,
    "position_size_pct": 0.1
  }
}