{
  "timestamp": "2025-11-04T19:35:36.001711",
  "regime": "Bear",
  "confidence": 0.605787530633577,
  "regime_score": -60.57875306335771,
  "indicators": {
    "price_momentum_7d": -0.657787549178431,
    "volume_ratio": 1.0477468546163748,
    "volatility_7d": 0.15629042893560138
  },
  "parameters": {
    "stop_loss_pct": -0.1,
    "take_profit_levels": [
      0.3,
      0.6,
      1.0
    ],
    "min_fusion_score": 0.6,
    "max_positions": 3,
    "position_size_pct": 0.08
  }
}