{
  "timestamp": "2025-11-03T00:08:54.282927",
  "regime": "Sideways",
  "confidence": 0.33333333333333337,
  "regime_score": -20,
  "indicators": {
    "price_momentum_7d": 2.933580189770886,
    "volume_ratio": 0.5190170889943567,
    "volatility_7d": 2.7624158938161663
  },
  "parameters": {
    "stop_loss_pct": -0.15,
    "take_profit_levels": [
      0.5,
      1.0,
      2.0
    ],
    "min_fusion_score": 0.5,
    "max_positions": 5,
    "position_size_pct": 0.1
  }
}