{
  "timestamp": "2025-11-05T08:45:11.745683",
  "regime": "Sideways",
  "confidence": 0.3220903093631662,
  "regime_score": 20.337290719105013,
  "indicators": {
    "price_momentum_7d": 2.585744040731312,
    "volume_ratio": 1.1722881786517503,
    "volatility_7d": 2.4889016029330993
  },
  "parameters": {
    "stop_loss_pct": -0.15,
    "take_profit_levels": [
      0.5,
      1.0,
      2.0
    ],
    "min_fusion_score": 0.5,
    "max_positions": 5,
    "position_size_pct": 0.1
  }
}