{
  "timestamp": "2025-11-06T08:45:36.465103",
  "regime": "Bear",
  "confidence": 0.782331326939969,
  "regime_score": -78.2331326939969,
  "indicators": {
    "price_momentum_7d": -0.5061559824114789,
    "volume_ratio": 0.7349506320112631,
    "volatility_7d": 0.14886780409781789
  },
  "parameters": {
    "stop_loss_pct": -0.1,
    "take_profit_levels": [
      0.3,
      0.6,
      1.0
    ],
    "min_fusion_score": 0.6,
    "max_positions": 3,
    "position_size_pct": 0.08
  }
}