{
  "timestamp": "2025-11-03T19:07:40.903732",
  "regime": "Sideways",
  "confidence": 0.2797046586740344,
  "regime_score": 21.60886023977897,
  "indicators": {
    "price_momentum_7d": 0.6280953482990048,
    "volume_ratio": 1.1934810039963162,
    "volatility_7d": 0.9537424815353617
  },
  "parameters": {
    "stop_loss_pct": -0.15,
    "take_profit_levels": [
      0.5,
      1.0,
      2.0
    ],
    "min_fusion_score": 0.5,
    "max_positions": 5,
    "position_size_pct": 0.1
  }
}