{
  "timestamp": "2025-11-08T17:06:23.309553",
  "regime": "Sideways",
  "confidence": 0.33333333333333337,
  "regime_score": -20,
  "indicators": {
    "price_momentum_7d": 3.1592224022217072,
    "volume_ratio": 0.6880998298773208,
    "volatility_7d": 2.9398843073793786
  },
  "parameters": {
    "stop_loss_pct": -0.15,
    "take_profit_levels": [
      0.5,
      1.0,
      2.0
    ],
    "min_fusion_score": 0.5,
    "max_positions": 5,
    "position_size_pct": 0.1
  }
}