{
  "timestamp": "2025-11-11T19:45:37.305087",
  "regime": "Bear",
  "confidence": 0.7795634331425272,
  "regime_score": -77.95634331425272,
  "indicators": {
    "price_momentum_7d": -0.32191622309650547,
    "volume_ratio": 0.867394278095788,
    "volatility_7d": 0.24037676733657534
  },
  "parameters": {
    "stop_loss_pct": -0.1,
    "take_profit_levels": [
      0.3,
      0.6,
      1.0
    ],
    "min_fusion_score": 0.6,
    "max_positions": 3,
    "position_size_pct": 0.08
  }
}