{
  "timestamp": "2025-11-08T22:21:50.886129",
  "regime": "Sideways",
  "confidence": 0.33333333333333337,
  "regime_score": -20,
  "indicators": {
    "price_momentum_7d": 3.9247859291830594,
    "volume_ratio": 0.5493537971273926,
    "volatility_7d": 3.542163412733216
  },
  "parameters": {
    "stop_loss_pct": -0.15,
    "take_profit_levels": [
      0.5,
      1.0,
      2.0
    ],
    "min_fusion_score": 0.5,
    "max_positions": 5,
    "position_size_pct": 0.1
  }
}