{
  "timestamp": "2025-11-03T08:42:04.466548",
  "regime": "Sideways",
  "confidence": 0.928605366185076,
  "regime_score": -2.1418390144477186,
  "indicators": {
    "price_momentum_7d": 3.99421430224485,
    "volume_ratio": 0.7976360164258713,
    "volatility_7d": 3.596793070854495
  },
  "parameters": {
    "stop_loss_pct": -0.15,
    "take_profit_levels": [
      0.5,
      1.0,
      2.0
    ],
    "min_fusion_score": 0.5,
    "max_positions": 5,
    "position_size_pct": 0.1
  }
}