{
  "timestamp": "2025-11-08T23:10:52.708547",
  "regime": "Sideways",
  "confidence": 0.33333333333333337,
  "regime_score": -20,
  "indicators": {
    "price_momentum_7d": 3.915528812774821,
    "volume_ratio": 0.5391789646579849,
    "volatility_7d": 3.5348795568029985
  },
  "parameters": {
    "stop_loss_pct": -0.15,
    "take_profit_levels": [
      0.5,
      1.0,
      2.0
    ],
    "min_fusion_score": 0.5,
    "max_positions": 5,
    "position_size_pct": 0.1
  }
}