{
  "timestamp": "2025-11-03T18:45:04.851074",
  "regime": "Sideways",
  "confidence": 0.29139771187459307,
  "regime_score": 21.258068643762208,
  "indicators": {
    "price_momentum_7d": 0.5871326081925479,
    "volume_ratio": 1.1876344773960368,
    "volatility_7d": 0.9218484237713008
  },
  "parameters": {
    "stop_loss_pct": -0.15,
    "take_profit_levels": [
      0.5,
      1.0,
      2.0
    ],
    "min_fusion_score": 0.5,
    "max_positions": 5,
    "position_size_pct": 0.1
  }
}