{
  "timestamp": "2025-11-07T08:45:48.802769",
  "regime": "Bear",
  "confidence": 0.7262536981401975,
  "regime_score": -72.62536981401975,
  "indicators": {
    "price_momentum_7d": -0.42143022448507295,
    "volume_ratio": 0.9125440660246358,
    "volatility_7d": 0.1825200918366527
  },
  "parameters": {
    "stop_loss_pct": -0.1,
    "take_profit_levels": [
      0.3,
      0.6,
      1.0
    ],
    "min_fusion_score": 0.6,
    "max_positions": 3,
    "position_size_pct": 0.08
  }
}