{
  "timestamp": "2025-11-05T19:25:19.104725",
  "regime": "Sideways",
  "confidence": 0.03751443641081598,
  "regime_score": -28.874566907675522,
  "indicators": {
    "price_momentum_7d": 0.0020828511918538073,
    "volume_ratio": 1.0118143808992286,
    "volatility_7d": 0.47173020437141394
  },
  "parameters": {
    "stop_loss_pct": -0.15,
    "take_profit_levels": [
      0.5,
      1.0,
      2.0
    ],
    "min_fusion_score": 0.5,
    "max_positions": 5,
    "position_size_pct": 0.1
  }
}