{
  "timestamp": "2025-11-10T22:22:36.238257",
  "regime": "Sideways",
  "confidence": 0.9574579457125021,
  "regime_score": -1.2762616286249369,
  "indicators": {
    "price_momentum_7d": 3.0027771349224714,
    "volume_ratio": 0.8120623061895844,
    "volatility_7d": 2.81683665905534
  },
  "parameters": {
    "stop_loss_pct": -0.15,
    "take_profit_levels": [
      0.5,
      1.0,
      2.0
    ],
    "min_fusion_score": 0.5,
    "max_positions": 5,
    "position_size_pct": 0.1
  }
}