{
  "timestamp": "2025-11-04T08:41:49.119077",
  "regime": "Bear",
  "confidence": 0.5309696131236529,
  "regime_score": -53.09696131236529,
  "indicators": {
    "price_momentum_7d": -0.646007868548947,
    "volume_ratio": 1.162745479509267,
    "volatility_7d": 0.15241126721947543
  },
  "parameters": {
    "stop_loss_pct": -0.1,
    "take_profit_levels": [
      0.3,
      0.6,
      1.0
    ],
    "min_fusion_score": 0.6,
    "max_positions": 3,
    "position_size_pct": 0.08
  }
}