{
  "timestamp": "2025-11-02T23:39:55.340165",
  "regime": "Sideways",
  "confidence": 0.33333333333333337,
  "regime_score": -20,
  "indicators": {
    "price_momentum_7d": 2.9467715806526265,
    "volume_ratio": 0.5061839162439039,
    "volatility_7d": 2.772790212463737
  },
  "parameters": {
    "stop_loss_pct": -0.15,
    "take_profit_levels": [
      0.5,
      1.0,
      2.0
    ],
    "min_fusion_score": 0.5,
    "max_positions": 5,
    "position_size_pct": 0.1
  }
}