{
  "timestamp": "2025-11-11T08:40:08.655814",
  "regime": "Sideways",
  "confidence": 0.8231898430891136,
  "regime_score": 5.304304707326594,
  "indicators": {
    "price_momentum_7d": 2.71626938208748,
    "volume_ratio": 0.9217384117887766,
    "volatility_7d": 2.5915280104251646
  },
  "parameters": {
    "stop_loss_pct": -0.15,
    "take_profit_levels": [
      0.5,
      1.0,
      2.0
    ],
    "min_fusion_score": 0.5,
    "max_positions": 5,
    "position_size_pct": 0.1
  }
}