{
  "timestamp": "2025-11-11T17:48:04.008785",
  "regime": "Bear",
  "confidence": 0.69358178490537,
  "regime_score": -69.358178490537,
  "indicators": {
    "price_momentum_7d": -0.5065956954408701,
    "volume_ratio": 0.8825754283563373,
    "volatility_7d": 0.1487513612794482
  },
  "parameters": {
    "stop_loss_pct": -0.1,
    "take_profit_levels": [
      0.3,
      0.6,
      1.0
    ],
    "min_fusion_score": 0.6,
    "max_positions": 3,
    "position_size_pct": 0.08
  }
}