narrative,total_volume,token_count,volume_momentum,strength_score
Unknown,272067168.76,24,0.8054916377518878,0.1527458188759439
AI,2594.0,2,0.026269729767117934,0.0
Meme,1298.5300000000002,5,0.09508621512396073,0.0
