narrative,total_volume,token_count,volume_momentum,strength_score
Unknown,259334254.57,33,0.7775648780411556,0.1387824390205778
AI,1671.95,2,0.01698489233978765,0.0
Meme,74.89999999999999,4,0.005653484428386681,0.0
