narrative,total_volume,token_count,volume_momentum,strength_score
Unknown,357316696.13,33,0.9757902599727422,0.23789512998637108
AI,62950.46000000001,4,0.5296022795867366,0.014801139793368279
Meme,218.64,5,0.016443573363577154,0.0
