narrative,total_volume,token_count,volume_momentum,strength_score
RWA,76.09,1,1.993972746331237,0.7469863731656184
Unknown,152788577.1,22,0.5127033255823665,0.006351662791183266
Meme,872.98,2,0.06459583637122418,0.0
AI,3298.2200000000003,2,0.03332223003191467,0.0
