narrative,total_volume,token_count,volume_momentum,strength_score
AI,3687.83,2,0.03720967447702257,0.0
Meme,403.0,2,0.030169563427202513,0.0
Unknown,118878419.97999999,27,0.4146404216616284,0.0
