narrative,total_volume,token_count,volume_momentum,strength_score
Unknown,206803900.26,26,0.6544200829275174,0.0772100414637587
AI,2995.44,2,0.030294104965639196,0.0
Meme,1325.9,4,0.097025592491048,0.0
