narrative,total_volume,token_count,volume_momentum,strength_score
RWA,1077.0,1,2.8967446364052036,1.0
Unknown,303123758.87,28,0.8707511517848521,0.18537557589242604
Meme,647.9399999999999,3,0.04821168676169017,0.0
AI,25962.76,3,0.24370302867696117,0.0
