narrative,total_volume,token_count,volume_momentum,strength_score
RWA,17.08,1,0.9237425635478637,0.21187128177393183
AI,60922.99,1,0.5154760157475891,0.007738007873794528
Meme,554.16,3,0.04132987078075986,0.0
Unknown,143618013.83,25,0.4869249550133541,0.0
