narrative,total_volume,token_count,volume_momentum,strength_score
RWA,76.25,1,1.9953768318213538,0.7476884159106769
Unknown,193817979.85,24,0.6218446956145007,0.060922347807250365
Meme,904.61,2,0.0668841070301473,0.0
AI,3321.1,2,0.03355080365780638,0.0
