narrative,total_volume,token_count,volume_momentum,strength_score
Unknown,253759681.38,32,0.7651133509221387,0.13255667546106936
AI,1668.82,2,0.016953275194744113,0.0
Meme,48.949999999999996,3,0.003697181103967955,0.0
