narrative,total_volume,token_count,volume_momentum,strength_score
Unknown,181653477.74,30,0.5904982574780528,0.04524912873902642
AI,35309.05,4,0.3220164101764666,0.0
Meme,282.99,3,0.021248957225013382,0.0
