narrative,total_volume,token_count,volume_momentum,strength_score
Unknown,368702406.58,26,0.996554667596958,0.248277333798479
RWA,17.08,1,0.9237425635478637,0.21187128177393183
AI,65781.01,4,0.5490573880527458,0.02452869402637292
Meme,205.46,3,0.015457433501287494,0.0
