narrative,total_volume,token_count,volume_momentum,strength_score
RWA,71.01,1,1.947257769652651,0.7236288848263255
Unknown,360839156.74,25,0.9822600955346389,0.24113004776731944
AI,63403.5,3,0.5327368764840433,0.016368438242021666
Meme,266.28,2,0.02000261413163505,0.0
