narrative,total_volume,token_count,volume_momentum,strength_score
AI,2480.54,2,0.025130332688630724,0.0
Meme,141.35,2,0.010651351293647493,0.0
Unknown,138664350.16,32,0.4727767289500376,0.0
