narrative,total_volume,token_count,volume_momentum,strength_score
Unknown,315736247.14,32,0.8961589207264773,0.19807946036323865
AI,75912.15000000001,4,0.6162490139429122,0.0581245069714561
Meme,128.45,4,0.00968241624464967,0.0
