narrative,total_volume,token_count,volume_momentum,strength_score
Unknown,235444042.29,24,0.7232023122414647,0.11160115612073235
AI,2873.4900000000002,2,0.029072727026226552,0.0
Meme,2420.83,5,0.17254123355094741,0.0
