narrative,total_volume,token_count,volume_momentum,strength_score
Unknown,313687891.0,32,0.8920738442088717,0.19603692210443585
AI,75927.28,4,0.6163466040342208,0.058173302017110406
Meme,136.85,4,0.010313422018798035,0.0
