narrative,total_volume,token_count,volume_momentum,strength_score
RWA,76.09,1,1.993972746331237,0.7469863731656184
Unknown,149722493.52,22,0.5041436447888694,0.002071822394434708
Meme,841.67,2,0.06232719698796683,0.0
AI,3298.2200000000003,2,0.03332223003191467,0.0
