narrative,total_volume,token_count,volume_momentum,strength_score
Unknown,302425826.7,33,0.8693272409476956,0.18466362047384782
AI,76205.75,4,0.6181413389521008,0.059070669476050386
Meme,136.85,4,0.010313422018798035,0.0
