narrative,total_volume,token_count,volume_momentum,strength_score
RWA,76.25,1,1.9953768318213538,0.7476884159106769
Unknown,277632981.55,21,0.8174797423087555,0.15873987115437777
Meme,634.1800000000001,2,0.04720394753165141,0.0
AI,1873.1599999999999,2,0.019015974389000302,0.0
