narrative,total_volume,token_count,volume_momentum,strength_score
RWA,1077.0,1,2.8967446364052036,1.0
Unknown,278404253.38,28,0.8191306462589748,0.1595653231294874
Meme,446.85,3,0.03341571664130358,0.0
AI,20858.72,3,0.19897080186624316,0.0
