narrative,total_volume,token_count,volume_momentum,strength_score
RWA,1221.16,1,2.9085625818744787,1.0
Unknown,210459135.66,33,0.6634289665808113,0.08171448329040565
Meme,434.69,3,0.032516240416764014,0.0
AI,8006.74,3,0.07963016932063323,0.0
