narrative,total_volume,token_count,volume_momentum,strength_score
AI,54511.85,1,0.46972411559836125,0.0
Meme,2223.94,3,0.15925311330095354,0.0
Unknown,130245304.17999999,23,0.448361997073898,0.0
