narrative,total_volume,token_count,volume_momentum,strength_score
Unknown,258841756.54,33,0.7764704104480905,0.13823520522404525
AI,1671.31,2,0.01697842754674889,0.0
Meme,70.09,4,0.005291063871975731,0.0
