narrative,total_volume,token_count,volume_momentum,strength_score
Unknown,366526697.87,26,0.992619762202625,0.24630988110131252
RWA,17.08,1,0.9237425635478637,0.21187128177393183
AI,65878.68999999999,4,0.5497232998806906,0.024861649940345287
Meme,205.46,3,0.015457433501287494,0.0
