narrative,total_volume,token_count,volume_momentum,strength_score
RWA,76.25,1,1.9953768318213538,0.7476884159106769
Unknown,180656873.64999998,24,0.5878934669801694,0.04394673349008471
Meme,876.27,2,0.06483401760485483,0.0
AI,3298.9100000000003,2,0.033329123720193414,0.0
