narrative,total_volume,token_count,volume_momentum,strength_score
RWA,17.08,1,0.9237425635478637,0.21187128177393183
AI,58269.23,1,0.49674015824285844,0.0
Meme,1081.6299999999999,3,0.07962504045800795,0.0
Unknown,136330945.04000002,24,0.4660569185758236,0.0
