narrative,total_volume,token_count,volume_momentum,strength_score
RWA,17.08,1,0.9237425635478637,0.21187128177393183
Unknown,230661183.15,25,0.7119977502537292,0.10599887512686462
AI,66839.38,2,0.5562533630518676,0.028126681525933783
Meme,627.88,3,0.04674232562202252,0.0
