narrative,total_volume,token_count,volume_momentum,strength_score
RWA,58.58,1,1.8123130865216044,0.6561565432608022
Unknown,268942986.93,31,0.7987046312327266,0.1493523156163633
Meme,812.99,4,0.06024604104043401,0.0
AI,6461.94,4,0.0645973443134066,0.0
