narrative,total_volume,token_count,volume_momentum,strength_score
RWA,76.25,1,1.9953768318213538,0.7476884159106769
Unknown,191343665.45000002,24,0.6155349411119002,0.05776747055595011
Meme,904.9599999999999,2,0.06690940780461885,0.0
AI,3321.1,2,0.03355080365780638,0.0
