narrative,total_volume,token_count,volume_momentum,strength_score
AI,1951.77,2,0.01980873924100719,0.0
Meme,126.58,2,0.009541906089592501,0.0
Unknown,128144684.13,30,0.44219661308334735,0.0
