narrative,total_volume,token_count,volume_momentum,strength_score
RWA,17.08,1,0.9237425635478637,0.21187128177393183
AI,59495.61,1,0.5054335424783816,0.002716771239190785
Meme,554.16,3,0.04132987078075986,0.0
Unknown,139789913.01999998,25,0.476005432611647,0.0
