narrative,total_volume,token_count,volume_momentum,strength_score
Unknown,304044760.62,33,0.8726272556204577,0.18631362781022887
AI,76134.18000000001,4,0.6176803294828173,0.05884016474140863
Meme,136.85,4,0.010313422018798035,0.0
