name,stop_loss,take_profit,min_fusion_score,signal_filter,initial_capital,final_value,total_return_pct,total_trades,completed_trades,wins,losses,win_rate_pct,avg_pnl_pct
A: Current (Baseline),-0.1,0.2,0.5,,10000,6134.808526549941,-38.651914734500586,24,10,2,8,20.0,-18.175870985696648
B: Tighter Stops,-0.07,0.15,0.5,,10000,5775.0445800169255,-42.24955419983075,28,12,2,10,16.666666666666664,-16.43224659361103
C: Very Tight,-0.05,0.12,0.5,,10000,6458.201745883356,-35.41798254116644,29,13,2,11,15.384615384615385,-16.932482646522683
D: Breakout Only,-0.07,0.15,0.7,Breakout,10000,8611.219004408485,-13.887809955915145,4,2,0,2,0.0,-37.7634877480404
E: High Conviction,-0.08,0.18,0.75,Breakout,10000,8611.219004408485,-13.887809955915145,4,2,0,2,0.0,-37.7634877480404
F: Conservative,-0.06,0.12,0.8,Breakout,10000,8851.705388037568,-11.482946119624321,2,1,0,1,0.0,-57.41473059812161
