name,stop_loss,take_profit,min_fusion_score,signal_filter,initial_capital,final_value,total_return_pct,total_trades,completed_trades,wins,losses,win_rate_pct,avg_pnl_pct
A: Current (Baseline),-0.1,0.2,0.5,,10000,6565.409645994104,-34.34590354005896,22,9,2,7,22.22222222222222,-16.785680227340826
B: Tighter Stops,-0.07,0.15,0.5,,10000,6694.820203505555,-33.05179796494445,27,12,2,10,16.666666666666664,-15.976075511252926
C: Very Tight,-0.05,0.12,0.5,,10000,7209.394254882178,-27.906057451178224,28,13,3,10,23.076923076923077,-10.175517580207872
D: Breakout Only,-0.07,0.15,0.7,Breakout,10000,8764.62152087726,-12.353784791227408,4,2,0,2,0.0,-33.821322646705745
E: High Conviction,-0.08,0.18,0.75,Breakout,10000,8764.62152087726,-12.353784791227408,4,2,0,2,0.0,-33.821322646705745
F: Conservative,-0.06,0.12,0.8,Breakout,10000,9009.391992090954,-9.906080079090462,2,1,0,1,0.0,-49.530400395452304
