{
  "target_horizon": "3d",
  "n_train": 190,
  "n_test": 47,
  "n_features": 29,
  "pump_classifier": {
    "auc": 0.6149425287356322,
    "confusion_matrix": [
      [
        15,
        3
      ],
      [
        18,
        11
      ]
    ],
    "predictions": [
      0,
      0,
      1,
      0,
      1,
      0,
      0,
      1,
      0,
      0,
      0,
      0,
      0,
      1,
      1,
      0,
      0,
      0,
      0,
      0,
      0,
      1,
      0,
      1,
      1,
      0,
      1,
      0,
      0,
      0,
      0,
      0,
      0,
      0,
      0,
      1,
      0,
      0,
      1,
      0,
      1,
      0,
      0,
      1,
      1,
      0,
      0
    ],
    "probabilities": [
      0.4120654661862643,
      0.17230958738465418,
      0.5097547497467887,
      0.11448953301265813,
      0.6030079529333511,
      0.33663894139442674,
      0.4390065770200444,
      0.5535942637755222,
      0.37515605564599364,
      0.39273721692907665,
      0.21422516651656454,
      0.0849972324259668,
      0.1592804794564637,
      0.6285702559591061,
      0.6054212077224462,
      0.41965274951226944,
      0.10622592371101561,
      0.1617933730754498,
      0.36237403702073395,
      0.39296188991690756,
      0.23344289257987888,
      0.5872660242631562,
      0.3184858147992717,
      0.5826296571161897,
      0.6428307813813963,
      0.1692487048418757,
      0.5164488304645868,
      0.3286517549727565,
      0.21923443593365124,
      0.3217847441640684,
      0.13527437183835775,
      0.22587189508779937,
      0.22966960143894066,
      0.33805173461834287,
      0.4121412312031507,
      0.5579637233984096,
      0.45498506237198194,
      0.08613430716343348,
      0.7392879125260705,
      0.40411996861957433,
      0.5730887953832183,
      0.4118093801581571,
      0.26046804963328674,
      0.6281378300737543,
      0.588456055645994,
      0.316681040391385,
      0.28070833886638885
    ]
  },
  "return_regressor": {
    "mae": 0.7723307801461108,
    "mse": 1.6542373186576258,
    "rmse": 1.286171574346761,
    "r2": -0.16617674681121208,
    "predictions": [
      0.1783171929258809,
      0.0665250245179489,
      0.18639059284389706,
      0.025328607204371814,
      0.41108737938207596,
      0.14925078589678326,
      0.19870678244974177,
      0.22998651468749923,
      0.22399508319443628,
      0.16416954798960648,
      0.1004943873183584,
      0.026179898523664362,
      0.08818943733487739,
      0.36217415530703717,
      0.4204333751791005,
      0.3969994268512023,
      0.02654799103981805,
      0.07305149257925275,
      0.3006927604176946,
      0.094445396852235,
      0.18186274026278698,
      0.3524775609252439,
      0.23167623198244822,
      0.364207172297986,
      0.46159579738680356,
      0.07902842378938163,
      0.4644710913181494,
      0.157885876128159,
      0.05352408946310132,
      0.12607894249833626,
      0.02988093082732064,
      0.05526853136913692,
      0.14007690715281965,
      0.2591640437270518,
      0.10013336571767656,
      0.30694286268966514,
      0.13640517899257937,
      0.026811111757142892,
      0.7015294580918566,
      0.08315207797763974,
      0.5578975798446302,
      0.09133048108930994,
      0.11320001456746784,
      0.43082498343046766,
      0.3216897803514861,
      0.3458398799478296,
      0.07946682953094479
    ]
  },
  "pump_feature_importance": [
    {
      "feature": "volume_24h_usd",
      "importance": 0.23945611278955056
    },
    {
      "feature": "volume_to_liquidity",
      "importance": 0.14221441462957043
    },
    {
      "feature": "liquidity_usd",
      "importance": 0.1306518640234789
    },
    {
      "feature": "price_usd",
      "importance": 0.10527895424991907
    },
    {
      "feature": "price_change_1d",
      "importance": 0.08860980612565525
    },
    {
      "feature": "volume_ma_3d",
      "importance": 0.08157887700177131
    },
    {
      "feature": "liquidity_change_1d",
      "importance": 0.047857982516036755
    },
    {
      "feature": "volume_ma_7d",
      "importance": 0.03538273094988548
    },
    {
      "feature": "volume_change_1d",
      "importance": 0.03463338481491421
    },
    {
      "feature": "momentum_3d",
      "importance": 0.020853907032582126
    },
    {
      "feature": "volume_momentum",
      "importance": 0.01953395931251548
    },
    {
      "feature": "volatility_5d",
      "importance": 0.015247712022318846
    },
    {
      "feature": "vol_mom_3v1",
      "importance": 0.012733996943495144
    },
    {
      "feature": "zscore_vol_10d",
      "importance": 0.007773660761235053
    },
    {
      "feature": "volatility_10d",
      "importance": 0.0050025732209565445
    },
    {
      "feature": "score",
      "importance": 0.004794257579109201
    },
    {
      "feature": "zscore_liq_10d",
      "importance": 0.004119725955143881
    },
    {
      "feature": "vol_mom_5v3",
      "importance": 0.0020850588068578643
    },
    {
      "feature": "signal_numeric",
      "importance": 0.0019878364944163475
    },
    {
      "feature": "volume_change_3d",
      "importance": 0.00020318477058753497
    }
  ],
  "return_feature_importance": [
    {
      "feature": "volume_24h_usd",
      "importance": 0.24699295792434964
    },
    {
      "feature": "price_change_1d",
      "importance": 0.20967135477403734
    },
    {
      "feature": "liquidity_usd",
      "importance": 0.1244519680371947
    },
    {
      "feature": "volume_to_liquidity",
      "importance": 0.10325894792921882
    },
    {
      "feature": "volume_ma_3d",
      "importance": 0.08597465893825573
    },
    {
      "feature": "price_usd",
      "importance": 0.07816792501978317
    },
    {
      "feature": "volume_change_1d",
      "importance": 0.05549141675050641
    },
    {
      "feature": "momentum_3d",
      "importance": 0.043528074953423514
    },
    {
      "feature": "liquidity_change_1d",
      "importance": 0.020632533584116153
    },
    {
      "feature": "volume_momentum",
      "importance": 0.012281470609119731
    },
    {
      "feature": "volatility_5d",
      "importance": 0.005685109573431421
    },
    {
      "feature": "vol_mom_3v1",
      "importance": 0.004926121123797643
    },
    {
      "feature": "volume_ma_7d",
      "importance": 0.0049223665856655005
    },
    {
      "feature": "volatility_10d",
      "importance": 0.002314013119384585
    },
    {
      "feature": "signal_numeric",
      "importance": 0.0011311681942840807
    },
    {
      "feature": "zscore_liq_10d",
      "importance": 0.00043772183471177417
    },
    {
      "feature": "zscore_vol_10d",
      "importance": 7.82810427228165e-05
    },
    {
      "feature": "vol_mom_5v3",
      "importance": 5.391000599696632e-05
    },
    {
      "feature": "price_change_3d",
      "importance": 0.0
    },
    {
      "feature": "price_change_5d",
      "importance": 0.0
    }
  ],
  "timestamp": "2025-11-07T08:45:46.714276"
}