{
  "target_horizon": "3d",
  "n_train": 185,
  "n_test": 46,
  "n_features": 29,
  "pump_classifier": {
    "auc": 0.6519230769230769,
    "confusion_matrix": [
      [
        17,
        3
      ],
      [
        18,
        8
      ]
    ],
    "predictions": [
      0,
      0,
      0,
      0,
      1,
      0,
      0,
      1,
      0,
      0,
      1,
      0,
      0,
      0,
      1,
      0,
      0,
      0,
      1,
      0,
      0,
      0,
      1,
      0,
      0,
      0,
      0,
      0,
      0,
      0,
      0,
      0,
      0,
      1,
      0,
      0,
      1,
      1,
      0,
      1,
      0,
      0,
      0,
      1,
      0,
      0
    ],
    "probabilities": [
      0.33691152718512307,
      0.1629041864533256,
      0.26949725618416104,
      0.24834653185301003,
      0.6230014711432449,
      0.48046603594449694,
      0.18964650237262373,
      0.5774157552595416,
      0.35867387015233115,
      0.4684899876423236,
      0.6007472589811377,
      0.44305477948173616,
      0.1279257125999602,
      0.22772989972989968,
      0.5686081167613505,
      0.15053704846233676,
      0.2681313556977163,
      0.15733305565760947,
      0.7303052928575926,
      0.3086588858206396,
      0.4086286447502661,
      0.18277067377067371,
      0.5918550629774638,
      0.3157418870793211,
      0.2561482025321741,
      0.2072969929426451,
      0.2723959250095488,
      0.1900781892517826,
      0.34950607546789164,
      0.38577900597700404,
      0.3652175715772206,
      0.3639545675557772,
      0.4800653829433044,
      0.6488409336462495,
      0.34849606774272696,
      0.13051873262902675,
      0.5888320314748084,
      0.6836522283831634,
      0.4003972715413335,
      0.6477687386390055,
      0.34369024785762464,
      0.34266382762313186,
      0.311916537566926,
      0.6585520022764357,
      0.31049027348876385,
      0.32691778278140654
    ]
  },
  "return_regressor": {
    "mae": 0.690229062791847,
    "mse": 1.423444901182443,
    "rmse": 1.1930821016101294,
    "r2": -0.11140801058474459,
    "predictions": [
      0.3195359925698041,
      0.053849192705124276,
      0.13877284117554184,
      0.17012954885974615,
      0.2415428633001621,
      0.3096411393441008,
      0.12090463439496761,
      0.30013444085712976,
      0.15675904788653525,
      0.4484521806490472,
      0.6541333043321744,
      0.23924058094118078,
      0.06706081316928615,
      0.19886378401306992,
      0.3507069215223117,
      0.050087921352867715,
      0.1665004793966299,
      0.04263267702728795,
      0.6130931731170277,
      0.3213138708966064,
      0.4053962868230048,
      0.1679493738081824,
      0.31438369965153495,
      0.06341921919711999,
      0.12068647477910766,
      0.1269516489523986,
      0.027380042681328095,
      0.07744395181831806,
      0.19376852770663663,
      0.25447386842301717,
      0.2553281591410588,
      0.12037796876244514,
      0.3033373702020348,
      0.46649431832242777,
      0.15949568318414367,
      0.06903932126408172,
      0.5523085866787025,
      0.6725912977313196,
      0.13561544932729258,
      0.513857609000732,
      0.2581383847079697,
      0.06220514548191969,
      0.18914380948515488,
      0.3968390219201933,
      0.40540003426756965,
      0.08898413280008942
    ]
  },
  "pump_feature_importance": [
    {
      "feature": "volume_24h_usd",
      "importance": 0.23244925027916208
    },
    {
      "feature": "volume_to_liquidity",
      "importance": 0.16239416601803963
    },
    {
      "feature": "liquidity_usd",
      "importance": 0.12821061165964664
    },
    {
      "feature": "price_usd",
      "importance": 0.10611355053554529
    },
    {
      "feature": "volume_ma_3d",
      "importance": 0.09119487987723625
    },
    {
      "feature": "price_change_1d",
      "importance": 0.07658507894923704
    },
    {
      "feature": "liquidity_change_1d",
      "importance": 0.04749307044308642
    },
    {
      "feature": "volume_change_1d",
      "importance": 0.035889653266348055
    },
    {
      "feature": "volume_ma_7d",
      "importance": 0.024855950672155278
    },
    {
      "feature": "volume_momentum",
      "importance": 0.024544610924416784
    },
    {
      "feature": "momentum_3d",
      "importance": 0.02198446061537842
    },
    {
      "feature": "volatility_5d",
      "importance": 0.015970225580010922
    },
    {
      "feature": "vol_mom_3v1",
      "importance": 0.008434123569526048
    },
    {
      "feature": "zscore_liq_10d",
      "importance": 0.005922316135633992
    },
    {
      "feature": "zscore_vol_10d",
      "importance": 0.003725827218995747
    },
    {
      "feature": "vol_mom_5v3",
      "importance": 0.003548488158134899
    },
    {
      "feature": "volatility_10d",
      "importance": 0.0033297866878468614
    },
    {
      "feature": "price_change_3d",
      "importance": 0.002643535938637357
    },
    {
      "feature": "signal_numeric",
      "importance": 0.0023948640332603025
    },
    {
      "feature": "score",
      "importance": 0.0022370093821554044
    }
  ],
  "return_feature_importance": [
    {
      "feature": "volume_24h_usd",
      "importance": 0.2650241374823838
    },
    {
      "feature": "volume_to_liquidity",
      "importance": 0.13711432538865082
    },
    {
      "feature": "volume_ma_3d",
      "importance": 0.126165362117172
    },
    {
      "feature": "liquidity_usd",
      "importance": 0.11706431063572027
    },
    {
      "feature": "price_usd",
      "importance": 0.09462451513552808
    },
    {
      "feature": "price_change_1d",
      "importance": 0.08984355898586606
    },
    {
      "feature": "volume_change_1d",
      "importance": 0.06625153212674177
    },
    {
      "feature": "vol_mom_3v1",
      "importance": 0.026907717282379316
    },
    {
      "feature": "liquidity_change_1d",
      "importance": 0.017600767167511442
    },
    {
      "feature": "volume_momentum",
      "importance": 0.014326673373686843
    },
    {
      "feature": "momentum_3d",
      "importance": 0.01149378529156676
    },
    {
      "feature": "score",
      "importance": 0.007627991369221695
    },
    {
      "feature": "zscore_liq_10d",
      "importance": 0.007052662242944553
    },
    {
      "feature": "volume_ma_7d",
      "importance": 0.006011886657329789
    },
    {
      "feature": "volatility_5d",
      "importance": 0.005839753252107703
    },
    {
      "feature": "zscore_vol_10d",
      "importance": 0.002898687585011777
    },
    {
      "feature": "vol_mom_5v3",
      "importance": 0.002078374669457748
    },
    {
      "feature": "volatility_10d",
      "importance": 0.0020739592367197642
    },
    {
      "feature": "price_change_3d",
      "importance": 0.0
    },
    {
      "feature": "price_change_5d",
      "importance": 0.0
    }
  ],
  "timestamp": "2025-11-09T08:40:06.943094"
}