{
  "target_horizon": "3d",
  "n_train": 191,
  "n_test": 47,
  "n_features": 29,
  "pump_classifier": {
    "auc": 0.6509803921568627,
    "confusion_matrix": [
      [
        15,
        2
      ],
      [
        23,
        7
      ]
    ],
    "predictions": [
      1,
      0,
      0,
      1,
      0,
      0,
      0,
      0,
      0,
      1,
      0,
      0,
      0,
      0,
      0,
      0,
      0,
      1,
      0,
      0,
      1,
      0,
      0,
      0,
      0,
      0,
      0,
      0,
      0,
      0,
      0,
      0,
      0,
      0,
      1,
      0,
      0,
      1,
      0,
      0,
      1,
      0,
      0,
      0,
      1,
      0,
      0
    ],
    "probabilities": [
      0.5708617741684405,
      0.3157809383376048,
      0.33472780474852165,
      0.5325240914263457,
      0.25285286867872464,
      0.27281689711069523,
      0.2627944854339407,
      0.3799968427658959,
      0.25199640947910695,
      0.5304998336076748,
      0.4152536070284649,
      0.40218544447592885,
      0.30343378271464083,
      0.27791257001923086,
      0.16839243172059593,
      0.1109017925680514,
      0.22470659091472286,
      0.5410148592510384,
      0.20871685548803867,
      0.23873665970278007,
      0.5972208775030883,
      0.17989272932223066,
      0.31042273444998914,
      0.36300409907805586,
      0.32407027953244055,
      0.499502455804812,
      0.4705110807638798,
      0.30153751575385324,
      0.16885664620679816,
      0.3617118720992621,
      0.3287045960211997,
      0.32978586830969275,
      0.2024982564327647,
      0.14244778825014426,
      0.6623069539886202,
      0.21763737073100275,
      0.43780295695491583,
      0.5547556701252924,
      0.19827392932308402,
      0.41230671527083596,
      0.5321079911841903,
      0.31207526397218655,
      0.48841830781872053,
      0.18660561792517927,
      0.5303847773287528,
      0.2550892576486142,
      0.29738839683149165
    ]
  },
  "return_regressor": {
    "mae": 0.8420830807639638,
    "mse": 2.0655323155299308,
    "rmse": 1.4371959906463456,
    "r2": -0.2646271920723162,
    "predictions": [
      0.4980411135794957,
      0.16157462983351756,
      0.24658180214941564,
      0.4377123871310093,
      0.14230158706745308,
      0.24842235301358476,
      0.14514979508619666,
      0.2817370378683453,
      0.04064903222043166,
      0.2717906866694696,
      0.17503556837311574,
      0.2837902268439792,
      0.26756393145317475,
      0.11741157762795897,
      0.030203194323252407,
      0.008753463738565297,
      0.16959501763845655,
      0.41201529711004015,
      0.1423003229078577,
      0.1340312175346066,
      0.3973954377960646,
      0.030413394512810384,
      0.12387990061687743,
      0.27537485840625137,
      0.14688024191831153,
      0.26360304035997956,
      0.25834219473439046,
      0.08940285995689781,
      0.06894030935926442,
      0.09932717241471471,
      0.21677209909216866,
      0.220433109659281,
      0.16083095738388933,
      0.023650665935653004,
      0.746604206402407,
      0.04656910590916315,
      0.13383256026278947,
      0.3937997323985701,
      0.08542441280231561,
      0.12420259938504215,
      0.4681929362103793,
      0.18906152591287045,
      0.37097363086305196,
      0.09209121135953317,
      0.2520898532536537,
      0.29664800472081065,
      0.08166597868495978
    ]
  },
  "pump_feature_importance": [
    {
      "feature": "volume_24h_usd",
      "importance": 0.2017414448474669
    },
    {
      "feature": "volume_to_liquidity",
      "importance": 0.1695151181400497
    },
    {
      "feature": "liquidity_usd",
      "importance": 0.10816211601456151
    },
    {
      "feature": "volume_ma_3d",
      "importance": 0.10571541748796626
    },
    {
      "feature": "price_usd",
      "importance": 0.1021567786763837
    },
    {
      "feature": "price_change_1d",
      "importance": 0.09435467968429526
    },
    {
      "feature": "liquidity_change_1d",
      "importance": 0.050546945535521526
    },
    {
      "feature": "volume_change_1d",
      "importance": 0.04251680152368892
    },
    {
      "feature": "volume_momentum",
      "importance": 0.025125958118173204
    },
    {
      "feature": "volume_ma_7d",
      "importance": 0.022392108104345006
    },
    {
      "feature": "momentum_3d",
      "importance": 0.019771152598415845
    },
    {
      "feature": "volatility_5d",
      "importance": 0.019649457591296597
    },
    {
      "feature": "vol_mom_3v1",
      "importance": 0.011690789435235337
    },
    {
      "feature": "zscore_liq_10d",
      "importance": 0.010005685380088118
    },
    {
      "feature": "score",
      "importance": 0.003912111421386397
    },
    {
      "feature": "volatility_10d",
      "importance": 0.0035880888940383886
    },
    {
      "feature": "signal_numeric",
      "importance": 0.003502115655373058
    },
    {
      "feature": "zscore_vol_10d",
      "importance": 0.002940415087408877
    },
    {
      "feature": "vol_mom_5v3",
      "importance": 0.0027128158043055375
    },
    {
      "feature": "price_change_5d",
      "importance": 0.0
    }
  ],
  "return_feature_importance": [
    {
      "feature": "price_change_1d",
      "importance": 0.2034961595509478
    },
    {
      "feature": "volume_to_liquidity",
      "importance": 0.17989443190157933
    },
    {
      "feature": "volume_24h_usd",
      "importance": 0.17911281040835972
    },
    {
      "feature": "liquidity_usd",
      "importance": 0.11698342293139655
    },
    {
      "feature": "price_usd",
      "importance": 0.09255486569731611
    },
    {
      "feature": "volume_ma_3d",
      "importance": 0.08052850568475696
    },
    {
      "feature": "volume_change_1d",
      "importance": 0.06394434078827434
    },
    {
      "feature": "liquidity_change_1d",
      "importance": 0.02269280602657972
    },
    {
      "feature": "momentum_3d",
      "importance": 0.019455550457400304
    },
    {
      "feature": "volume_momentum",
      "importance": 0.010680633723976873
    },
    {
      "feature": "vol_mom_3v1",
      "importance": 0.009481043897667287
    },
    {
      "feature": "volatility_5d",
      "importance": 0.00724793710048289
    },
    {
      "feature": "volatility_10d",
      "importance": 0.005196257279488666
    },
    {
      "feature": "volume_ma_7d",
      "importance": 0.004193116835052894
    },
    {
      "feature": "price_change_3d",
      "importance": 0.0017195380646165244
    },
    {
      "feature": "volume_change_3d",
      "importance": 0.0013623133983732957
    },
    {
      "feature": "zscore_vol_10d",
      "importance": 0.0008777525856551391
    },
    {
      "feature": "zscore_liq_10d",
      "importance": 0.0005785136680757397
    },
    {
      "feature": "price_change_7d",
      "importance": 0.0
    },
    {
      "feature": "price_change_5d",
      "importance": 0.0
    }
  ],
  "timestamp": "2025-11-04T19:35:33.746112"
}