{
  "target_horizon": "3d",
  "n_train": 190,
  "n_test": 47,
  "n_features": 101,
  "pump_classifier": {
    "auc": 0.6354166666666666,
    "confusion_matrix": [
      [
        14,
        1
      ],
      [
        30,
        2
      ]
    ],
    "predictions": [
      0,
      0,
      0,
      0,
      0,
      0,
      0,
      0,
      0,
      0,
      0,
      0,
      0,
      1,
      0,
      0,
      0,
      0,
      0,
      0,
      0,
      0,
      0,
      0,
      0,
      0,
      0,
      0,
      0,
      0,
      0,
      0,
      0,
      0,
      0,
      0,
      1,
      0,
      0,
      0,
      0,
      0,
      0,
      1,
      0,
      0,
      0
    ],
    "probabilities": [
      0.15584626999216306,
      0.4321211833957529,
      0.2028963884699179,
      0.4631046176046177,
      0.10750406945995182,
      0.25566253298644936,
      0.4289839984362043,
      0.18652332362626478,
      0.09902189514275275,
      0.32664719430895894,
      0.31779031675239094,
      0.4698313338409244,
      0.41476012916821725,
      0.5684819774925274,
      0.2965954821322468,
      0.437027990143992,
      0.2793762248199234,
      0.19681034651622886,
      0.29993358960590416,
      0.39617764439311737,
      0.4734125351772411,
      0.28446083790936727,
      0.4556220560485266,
      0.11932533647003181,
      0.49585835828706676,
      0.4674446386946387,
      0.2960619157932804,
      0.18818267228812424,
      0.19398791731144668,
      0.264878085549828,
      0.32311092924552,
      0.41608775414475857,
      0.3084957662493501,
      0.16412810039136766,
      0.1172856032856033,
      0.2142281446623552,
      0.6838864494769226,
      0.2391857643989997,
      0.48370824068880675,
      0.08936008802419941,
      0.4044668705477528,
      0.29325783789242865,
      0.2898660246260024,
      0.5064101759280787,
      0.47261138616285675,
      0.3268469985896455,
      0.29779524248130373
    ]
  },
  "return_regressor": {
    "mae": 0.8566524815966876,
    "mse": 2.164827534082324,
    "rmse": 1.4713352894844614,
    "r2": -0.26972384285716133,
    "predictions": [
      0.1069294735630183,
      0.15761544055990984,
      0.12010406006145027,
      0.3987301547929675,
      0.07747354441891743,
      0.14415800853637495,
      0.2902720497564448,
      0.11795623466452825,
      0.05787616413162728,
      0.20722655852135435,
      0.17050856266186745,
      0.20691996691544992,
      0.2215769631482516,
      0.42459595880789375,
      0.1657054956813371,
      0.15968311330277454,
      0.14786455378216537,
      0.1881897428353702,
      0.23039665268714823,
      0.19730536236656046,
      0.22147811878471996,
      0.12410557149265151,
      0.3344353530925151,
      0.067141314867676,
      0.41834524061961487,
      0.44114205372733173,
      0.13486413170839268,
      0.11560152057965584,
      0.09740028989794045,
      0.12391038384200709,
      0.15662447752166306,
      0.27487657196561555,
      0.27065696403228934,
      0.058118734898524066,
      0.13366575965986255,
      0.15290987908455755,
      0.7367605235651653,
      0.080785002623276,
      0.2739934974751796,
      0.040331730395025085,
      0.13603306059481776,
      0.08503048017685362,
      0.14123434160529247,
      0.4869404708026377,
      0.23746863588634626,
      0.1901493851056004,
      0.09040141272466533
    ]
  },
  "pump_feature_importance": [
    {
      "feature": "volume_24h_usd",
      "importance": 0.0975946081550353
    },
    {
      "feature": "volume_share",
      "importance": 0.07975765023950633
    },
    {
      "feature": "turnover_ratio",
      "importance": 0.07436179510449809
    },
    {
      "feature": "volume_profile_3d",
      "importance": 0.06765971288307043
    },
    {
      "feature": "liquidity_share",
      "importance": 0.05714335252521061
    },
    {
      "feature": "price_change_1d",
      "importance": 0.052568207682493935
    },
    {
      "feature": "liquidity_depth",
      "importance": 0.05101588102002268
    },
    {
      "feature": "volume_to_liquidity",
      "importance": 0.049268672795065145
    },
    {
      "feature": "price_usd",
      "importance": 0.04479880592323673
    },
    {
      "feature": "liquidity_usd",
      "importance": 0.039768544211192365
    },
    {
      "feature": "momentum_1d",
      "importance": 0.039138118053474225
    },
    {
      "feature": "volume_ma_3d",
      "importance": 0.0328513377054936
    },
    {
      "feature": "liquidity_change_1d",
      "importance": 0.02611007721681605
    },
    {
      "feature": "volume_concentration",
      "importance": 0.02372459986456405
    },
    {
      "feature": "turnover_ratio_ma7",
      "importance": 0.022611259518854634
    },
    {
      "feature": "market_divergence",
      "importance": 0.019675896666427307
    },
    {
      "feature": "macd_histogram",
      "importance": 0.01923056477314626
    },
    {
      "feature": "liquidity_regime",
      "importance": 0.014877395753899927
    },
    {
      "feature": "stoch_d",
      "importance": 0.014091704333874295
    },
    {
      "feature": "volume_change_1d",
      "importance": 0.012472454131594582
    }
  ],
  "return_feature_importance": [
    {
      "feature": "price_change_1d",
      "importance": 0.11320739468319058
    },
    {
      "feature": "volume_24h_usd",
      "importance": 0.09642279137753658
    },
    {
      "feature": "momentum_1d",
      "importance": 0.09594334294300896
    },
    {
      "feature": "turnover_ratio_ma7",
      "importance": 0.08338688054825766
    },
    {
      "feature": "liquidity_depth",
      "importance": 0.0734363642897403
    },
    {
      "feature": "volume_profile_3d",
      "importance": 0.06987346435486023
    },
    {
      "feature": "volume_share",
      "importance": 0.06431944041492517
    },
    {
      "feature": "volume_concentration",
      "importance": 0.05967863914732353
    },
    {
      "feature": "liquidity_share",
      "importance": 0.03938199663532207
    },
    {
      "feature": "price_usd",
      "importance": 0.03368452003100669
    },
    {
      "feature": "liquidity_usd",
      "importance": 0.029754992976508698
    },
    {
      "feature": "turnover_ratio",
      "importance": 0.02331648272796713
    },
    {
      "feature": "vol_mom_3v1",
      "importance": 0.022458705322663575
    },
    {
      "feature": "volume_to_liquidity",
      "importance": 0.019739091685482924
    },
    {
      "feature": "volume_ma_3d",
      "importance": 0.018865215105834676
    },
    {
      "feature": "volume_change_1d",
      "importance": 0.014959567383390793
    },
    {
      "feature": "atr_14",
      "importance": 0.01200039724201204
    },
    {
      "feature": "regime_alignment_score",
      "importance": 0.011629294448963871
    },
    {
      "feature": "zscore_liq_10d",
      "importance": 0.008788278009491633
    },
    {
      "feature": "volume_ma_7d",
      "importance": 0.008747233504926294
    }
  ],
  "timestamp": "2025-11-12T08:41:39.139470"
}