{
  "target_horizon": "3d",
  "n_train": 184,
  "n_test": 45,
  "n_features": 29,
  "pump_classifier": {
    "auc": 0.5699588477366255,
    "confusion_matrix": [
      [
        15,
        3
      ],
      [
        19,
        8
      ]
    ],
    "predictions": [
      0,
      0,
      0,
      0,
      0,
      0,
      0,
      0,
      0,
      1,
      0,
      0,
      0,
      0,
      1,
      0,
      0,
      1,
      1,
      0,
      0,
      0,
      0,
      0,
      0,
      0,
      0,
      0,
      0,
      1,
      1,
      0,
      0,
      1,
      1,
      0,
      0,
      0,
      0,
      1,
      1,
      0,
      1,
      0,
      0
    ],
    "probabilities": [
      0.3953508694473966,
      0.09226874976874974,
      0.08580353661932609,
      0.41565516098507105,
      0.022383876740395325,
      0.47276577730306485,
      0.03855059700647936,
      0.2457962882939833,
      0.38993428589746815,
      0.5294807967556951,
      0.19581477767719183,
      0.30406449545329844,
      0.39364757961125457,
      0.045786999492881855,
      0.6274028064792695,
      0.026147118597776492,
      0.30393436394859225,
      0.7166676813039041,
      0.5966627254353449,
      0.2836005619452754,
      0.37229483838013455,
      0.4123276102552418,
      0.23983227883227884,
      0.36408852967484806,
      0.17150628538128537,
      0.18285782371709142,
      0.27518821771090374,
      0.18518122374701318,
      0.38836034125184804,
      0.5111049257527625,
      0.5746075113706745,
      0.3961281706446775,
      0.030613063119059886,
      0.5338999476280065,
      0.6878099581876671,
      0.3698458141993827,
      0.2649201241241445,
      0.31907838406962846,
      0.2269997682858904,
      0.5148934107806983,
      0.5851576429425966,
      0.15919310198658018,
      0.5677729498888054,
      0.05752690547756337,
      0.19660357456553101
    ]
  },
  "return_regressor": {
    "mae": 0.5434071220234797,
    "mse": 0.8102731033318371,
    "rmse": 0.9001517112864015,
    "r2": -0.24100692597594775,
    "predictions": [
      0.17090309627053257,
      0.09371798059148433,
      0.058048216139283196,
      0.18263276379441873,
      -0.014285650210064867,
      0.331828464702592,
      0.027642739150566305,
      0.0759639646239271,
      0.42935758590633066,
      0.248611665209433,
      0.11861108348316689,
      0.18782085643450405,
      0.43709445467197894,
      -0.005785619726466216,
      0.4153849337718997,
      0.0211785074905394,
      0.13537342641458974,
      0.5558021824329367,
      0.3408831327638731,
      0.1919937279827058,
      0.41631111385114516,
      0.29706262908600806,
      0.14813068208152502,
      0.5433695078262236,
      0.030061457202861096,
      0.07481699330215204,
      0.10807864187714744,
      0.08610870431862677,
      0.16818034278480362,
      0.2047809802073941,
      0.34144175984796526,
      0.20666497199623543,
      -0.02222419669353404,
      0.45343817808016246,
      0.6943751242636397,
      0.08849574423529027,
      0.1721359147324968,
      0.08319000176738274,
      0.06626750252925384,
      0.4978505709380827,
      0.39627310512425745,
      0.14619913867470066,
      0.36432080982377407,
      0.052494230083262455,
      -0.0015990818870244832
    ]
  },
  "pump_feature_importance": [
    {
      "feature": "volume_24h_usd",
      "importance": 0.2613211612573663
    },
    {
      "feature": "volume_to_liquidity",
      "importance": 0.14979691705654535
    },
    {
      "feature": "liquidity_usd",
      "importance": 0.13692373799729063
    },
    {
      "feature": "price_usd",
      "importance": 0.10122791666614767
    },
    {
      "feature": "price_change_1d",
      "importance": 0.08097003192885512
    },
    {
      "feature": "volume_ma_3d",
      "importance": 0.07892423777899592
    },
    {
      "feature": "liquidity_change_1d",
      "importance": 0.0480564983077326
    },
    {
      "feature": "volume_change_1d",
      "importance": 0.032904571527215196
    },
    {
      "feature": "volume_ma_7d",
      "importance": 0.026984727636602143
    },
    {
      "feature": "volatility_5d",
      "importance": 0.01869645426983253
    },
    {
      "feature": "momentum_3d",
      "importance": 0.01458422709227474
    },
    {
      "feature": "zscore_liq_10d",
      "importance": 0.012257031758121368
    },
    {
      "feature": "volume_momentum",
      "importance": 0.008966068261746795
    },
    {
      "feature": "vol_mom_3v1",
      "importance": 0.008685732561608291
    },
    {
      "feature": "vol_mom_5v3",
      "importance": 0.008090481496190367
    },
    {
      "feature": "zscore_vol_10d",
      "importance": 0.0044244321127710935
    },
    {
      "feature": "score",
      "importance": 0.004199700392134027
    },
    {
      "feature": "signal_numeric",
      "importance": 0.0028101544284113537
    },
    {
      "feature": "volume_change_3d",
      "importance": 0.0001759174701584551
    },
    {
      "feature": "price_change_5d",
      "importance": 0.0
    }
  ],
  "return_feature_importance": [
    {
      "feature": "volume_24h_usd",
      "importance": 0.35588180920517337
    },
    {
      "feature": "price_change_1d",
      "importance": 0.1408773694966172
    },
    {
      "feature": "volume_to_liquidity",
      "importance": 0.10005850369670663
    },
    {
      "feature": "liquidity_usd",
      "importance": 0.09669206516696388
    },
    {
      "feature": "volume_ma_3d",
      "importance": 0.07971318257624053
    },
    {
      "feature": "price_usd",
      "importance": 0.07650070362762416
    },
    {
      "feature": "volume_change_1d",
      "importance": 0.036415286546150824
    },
    {
      "feature": "volume_ma_7d",
      "importance": 0.02381106086974854
    },
    {
      "feature": "score",
      "importance": 0.01890709698205627
    },
    {
      "feature": "zscore_liq_10d",
      "importance": 0.018707583210115116
    },
    {
      "feature": "vol_mom_3v1",
      "importance": 0.017858757745600994
    },
    {
      "feature": "liquidity_change_1d",
      "importance": 0.013154370617201603
    },
    {
      "feature": "volume_momentum",
      "importance": 0.0065372608942757485
    },
    {
      "feature": "momentum_3d",
      "importance": 0.0054359472556464285
    },
    {
      "feature": "volatility_5d",
      "importance": 0.005389692243516023
    },
    {
      "feature": "zscore_vol_10d",
      "importance": 0.003822681434235472
    },
    {
      "feature": "signal_numeric",
      "importance": 0.0001727458790235762
    },
    {
      "feature": "vol_mom_5v3",
      "importance": 6.388255310367478e-05
    },
    {
      "feature": "price_change_3d",
      "importance": 0.0
    },
    {
      "feature": "price_change_5d",
      "importance": 0.0
    }
  ],
  "timestamp": "2025-11-02T14:29:25.533753"
}