{
  "target_horizon": "3d",
  "n_train": 184,
  "n_test": 46,
  "n_features": 29,
  "pump_classifier": {
    "auc": 0.6507936507936508,
    "confusion_matrix": [
      [
        15,
        3
      ],
      [
        21,
        7
      ]
    ],
    "predictions": [
      0,
      0,
      0,
      0,
      0,
      0,
      0,
      0,
      0,
      1,
      0,
      1,
      0,
      0,
      0,
      0,
      1,
      0,
      1,
      1,
      0,
      1,
      0,
      0,
      0,
      0,
      0,
      0,
      0,
      0,
      0,
      0,
      0,
      0,
      0,
      1,
      0,
      0,
      1,
      1,
      0,
      0,
      0,
      1,
      0,
      0
    ],
    "probabilities": [
      0.2965413729175172,
      0.38056792301812065,
      0.25455550925334997,
      0.13612616623142937,
      0.05402789124004106,
      0.2958974396316663,
      0.41175080775101947,
      0.4335466412084419,
      0.24587735426063287,
      0.5026620379316471,
      0.45213423598449043,
      0.5253986041542181,
      0.3304324237122541,
      0.07174854918260304,
      0.45464220773415553,
      0.48704210472475745,
      0.505316081740182,
      0.46655282252039304,
      0.5905019422728299,
      0.6346256092443778,
      0.284767798928125,
      0.5256769641458025,
      0.32785160841871636,
      0.2591096625119628,
      0.12638149568596296,
      0.2271532079032079,
      0.3482948291212289,
      0.4623261260642385,
      0.38537740656756286,
      0.4193983145546529,
      0.2896170494445242,
      0.29803182431165476,
      0.3189023159916897,
      0.3646662807022016,
      0.46842959808221807,
      0.652708955249873,
      0.3000567146464632,
      0.377540462076383,
      0.7024607625919542,
      0.5567974626432106,
      0.4816401125943852,
      0.29246586757469106,
      0.041157968764855425,
      0.5017335314791604,
      0.2133806341060373,
      0.2820534691614188
    ]
  },
  "return_regressor": {
    "mae": 0.745632245228742,
    "mse": 1.5776175306589078,
    "rmse": 1.2560324560531497,
    "r2": -0.16016832781079615,
    "predictions": [
      0.16977560265193772,
      0.14148909917999591,
      0.14145458995035093,
      0.14603453720755863,
      -0.002389001751725277,
      0.08884482388772985,
      0.3579662389492253,
      0.2690402977045119,
      0.07874870386872737,
      0.19446070904784588,
      0.23177487727305013,
      0.347777644437828,
      0.22429010800474855,
      0.0026025990970997646,
      0.21581885867428524,
      0.2875560181855766,
      0.25500520162890933,
      0.3393796217096703,
      0.4086379748209932,
      0.4835512169877869,
      0.1945730068013914,
      0.47060120203864364,
      0.2232099330053302,
      0.05086261532014246,
      0.031225569588468866,
      0.04734763511433319,
      0.2702507076268208,
      0.15821234899096942,
      0.19662031316058448,
      0.06977840813912418,
      0.24086253624650059,
      0.11270326449929305,
      0.18237951640949324,
      0.09440060735007755,
      0.24510779775362512,
      0.37951209958121124,
      0.37206004480245025,
      0.12074957349050858,
      0.7416825975744682,
      0.3669032537932882,
      0.31088741418705373,
      0.1251375312335397,
      0.012978347078081152,
      0.23335178236467377,
      0.04023111708451511,
      0.1165444045923422
    ]
  },
  "pump_feature_importance": [
    {
      "feature": "volume_24h_usd",
      "importance": 0.2348349162008984
    },
    {
      "feature": "volume_to_liquidity",
      "importance": 0.1577911067837025
    },
    {
      "feature": "liquidity_usd",
      "importance": 0.11030605028513477
    },
    {
      "feature": "price_usd",
      "importance": 0.10107982052133963
    },
    {
      "feature": "price_change_1d",
      "importance": 0.09617687541175746
    },
    {
      "feature": "volume_ma_3d",
      "importance": 0.09056343408619058
    },
    {
      "feature": "liquidity_change_1d",
      "importance": 0.05200146503369299
    },
    {
      "feature": "volume_momentum",
      "importance": 0.03952200612270144
    },
    {
      "feature": "volume_change_1d",
      "importance": 0.03234943354190467
    },
    {
      "feature": "volume_ma_7d",
      "importance": 0.022344616042262115
    },
    {
      "feature": "volatility_5d",
      "importance": 0.021729792789040938
    },
    {
      "feature": "momentum_3d",
      "importance": 0.015094446525624307
    },
    {
      "feature": "vol_mom_3v1",
      "importance": 0.009061930267443792
    },
    {
      "feature": "zscore_liq_10d",
      "importance": 0.0050477499984124445
    },
    {
      "feature": "score",
      "importance": 0.0032480293202385643
    },
    {
      "feature": "signal_numeric",
      "importance": 0.0019499665978528688
    },
    {
      "feature": "price_change_3d",
      "importance": 0.0017496877029099694
    },
    {
      "feature": "zscore_vol_10d",
      "importance": 0.0016764064324315338
    },
    {
      "feature": "volatility_10d",
      "importance": 0.0015649020710205043
    },
    {
      "feature": "vol_mom_5v3",
      "importance": 0.0014542135044693374
    }
  ],
  "return_feature_importance": [
    {
      "feature": "volume_24h_usd",
      "importance": 0.2899717004786879
    },
    {
      "feature": "price_change_1d",
      "importance": 0.25333423595415977
    },
    {
      "feature": "liquidity_usd",
      "importance": 0.11390017156291345
    },
    {
      "feature": "volume_ma_3d",
      "importance": 0.08079734652354782
    },
    {
      "feature": "volume_change_1d",
      "importance": 0.06726080574661956
    },
    {
      "feature": "price_usd",
      "importance": 0.06691719865569085
    },
    {
      "feature": "volume_to_liquidity",
      "importance": 0.06547734116558784
    },
    {
      "feature": "volume_momentum",
      "importance": 0.013186042699320926
    },
    {
      "feature": "momentum_3d",
      "importance": 0.013174086641308367
    },
    {
      "feature": "liquidity_change_1d",
      "importance": 0.012656855770420002
    },
    {
      "feature": "volatility_5d",
      "importance": 0.00835154821538499
    },
    {
      "feature": "volatility_10d",
      "importance": 0.005770880734415566
    },
    {
      "feature": "volume_ma_7d",
      "importance": 0.005081341997647015
    },
    {
      "feature": "price_change_3d",
      "importance": 0.0031318346376368856
    },
    {
      "feature": "zscore_liq_10d",
      "importance": 0.0007063850686426626
    },
    {
      "feature": "zscore_vol_10d",
      "importance": 0.0001538042600341933
    },
    {
      "feature": "vol_mom_3v1",
      "importance": 9.60034735291521e-05
    },
    {
      "feature": "signal_numeric",
      "importance": 3.063151445195164e-05
    },
    {
      "feature": "vol_mom_5v3",
      "importance": 1.7849000011614518e-06
    },
    {
      "feature": "price_change_5d",
      "importance": 0.0
    }
  ],
  "timestamp": "2025-11-08T17:16:34.142112"
}