{
  "target_horizon": "3d",
  "n_train": 185,
  "n_test": 46,
  "n_features": 29,
  "pump_classifier": {
    "auc": 0.6003898635477584,
    "confusion_matrix": [
      [
        16,
        3
      ],
      [
        21,
        6
      ]
    ],
    "predictions": [
      1,
      0,
      0,
      0,
      0,
      0,
      1,
      0,
      0,
      0,
      0,
      0,
      0,
      1,
      0,
      0,
      0,
      0,
      0,
      0,
      0,
      1,
      0,
      1,
      0,
      0,
      1,
      0,
      0,
      0,
      0,
      0,
      0,
      0,
      0,
      0,
      0,
      1,
      0,
      1,
      0,
      0,
      1,
      0,
      0,
      0
    ],
    "probabilities": [
      0.5706650717363633,
      0.27111010637777094,
      0.4647277094410397,
      0.44414677916239964,
      0.016948178650479408,
      0.2791903305892652,
      0.5167947576267479,
      0.2016848174570265,
      0.3911482200879435,
      0.47373454518355645,
      0.46546066051951507,
      0.2530328844769304,
      0.42485527239653437,
      0.5982392838146078,
      0.1365642537623708,
      0.3226049357717165,
      0.10702822454013942,
      0.07503441993441994,
      0.28426386823948746,
      0.32044839207742276,
      0.2981593510997385,
      0.5008466096517455,
      0.30629695973838583,
      0.5441169675468679,
      0.49050240044289795,
      0.2390421149496077,
      0.5105323872785419,
      0.052639275289275284,
      0.14130577701616603,
      0.056116934933361076,
      0.23512701251341778,
      0.24768327297731904,
      0.31623440362036875,
      0.29877846809385555,
      0.3913552218125316,
      0.4727917137650385,
      0.42849886077234706,
      0.6878857350599676,
      0.3402373690322076,
      0.5362472843425589,
      0.4073644009304031,
      0.2584804001596454,
      0.5970762362239814,
      0.4904079721219283,
      0.2856126749795331,
      0.28516773126172307
    ]
  },
  "return_regressor": {
    "mae": 0.5972287193120783,
    "mse": 1.1328038762412458,
    "rmse": 1.0643325966262829,
    "r2": -0.19428295589458755,
    "predictions": [
      0.5786902091372326,
      0.09558887063087139,
      0.2026191823019836,
      0.3335721311777575,
      0.018723524098432257,
      0.05020372175281342,
      0.3838201719553396,
      0.09696169559686256,
      0.13225651161160104,
      0.1507729938234263,
      0.18572425274478366,
      0.08929886066514017,
      0.375225148270816,
      0.5241410625201786,
      0.10236457796098523,
      0.11878886696045149,
      0.061155735048284504,
      0.06528556583162132,
      0.21614472932242706,
      0.23024108107931293,
      0.10233319508525597,
      0.23224773241383528,
      0.09286621188701685,
      0.5319092161455545,
      0.35409729270029877,
      0.11574388442239732,
      0.3665343094762437,
      -0.014196534264407517,
      0.00021353674498522594,
      0.04323321645011801,
      0.10600412098321936,
      0.011596464443806529,
      0.4091269137195528,
      0.11668518656378035,
      0.14647222969710114,
      0.16425207948508866,
      0.18371187988543583,
      0.7646313142179539,
      0.06650966907589333,
      0.3836328155758084,
      0.13513765679169187,
      0.09061823300204218,
      0.4377288913862568,
      0.29592584621364987,
      0.06876187524559639,
      0.015420498479066423
    ]
  },
  "pump_feature_importance": [
    {
      "feature": "volume_24h_usd",
      "importance": 0.24117104009662138
    },
    {
      "feature": "volume_to_liquidity",
      "importance": 0.14815646056769402
    },
    {
      "feature": "price_usd",
      "importance": 0.1203909893309404
    },
    {
      "feature": "liquidity_usd",
      "importance": 0.10461367311622626
    },
    {
      "feature": "price_change_1d",
      "importance": 0.09342361116511394
    },
    {
      "feature": "volume_ma_3d",
      "importance": 0.07490890623775022
    },
    {
      "feature": "liquidity_change_1d",
      "importance": 0.06616544140421793
    },
    {
      "feature": "volume_change_1d",
      "importance": 0.033325021426553546
    },
    {
      "feature": "volume_ma_7d",
      "importance": 0.029661429164182785
    },
    {
      "feature": "volume_momentum",
      "importance": 0.019314593947006395
    },
    {
      "feature": "volatility_5d",
      "importance": 0.018240751041832762
    },
    {
      "feature": "momentum_3d",
      "importance": 0.01609961629371744
    },
    {
      "feature": "vol_mom_3v1",
      "importance": 0.010909899995468693
    },
    {
      "feature": "zscore_liq_10d",
      "importance": 0.008322305241274188
    },
    {
      "feature": "zscore_vol_10d",
      "importance": 0.006702126509816401
    },
    {
      "feature": "signal_numeric",
      "importance": 0.0046208324849913
    },
    {
      "feature": "vol_mom_5v3",
      "importance": 0.002557852561941591
    },
    {
      "feature": "score",
      "importance": 0.0014154494146508606
    },
    {
      "feature": "price_change_3d",
      "importance": 0.0
    },
    {
      "feature": "price_change_5d",
      "importance": 0.0
    }
  ],
  "return_feature_importance": [
    {
      "feature": "volume_24h_usd",
      "importance": 0.27719385412170416
    },
    {
      "feature": "price_change_1d",
      "importance": 0.18483324076966998
    },
    {
      "feature": "volume_to_liquidity",
      "importance": 0.12503794784341038
    },
    {
      "feature": "liquidity_usd",
      "importance": 0.11847765741578214
    },
    {
      "feature": "volume_ma_3d",
      "importance": 0.09465931872636053
    },
    {
      "feature": "price_usd",
      "importance": 0.09097521591450937
    },
    {
      "feature": "volume_change_1d",
      "importance": 0.025635450614332957
    },
    {
      "feature": "vol_mom_3v1",
      "importance": 0.021363263840085776
    },
    {
      "feature": "zscore_liq_10d",
      "importance": 0.016979611839630322
    },
    {
      "feature": "volume_ma_7d",
      "importance": 0.013930296078868542
    },
    {
      "feature": "liquidity_change_1d",
      "importance": 0.009419435372462367
    },
    {
      "feature": "volume_momentum",
      "importance": 0.008456008490135189
    },
    {
      "feature": "score",
      "importance": 0.008202051629849544
    },
    {
      "feature": "momentum_3d",
      "importance": 0.002694318301557834
    },
    {
      "feature": "volatility_5d",
      "importance": 0.0018744721818832937
    },
    {
      "feature": "vol_mom_5v3",
      "importance": 0.00019494308582204873
    },
    {
      "feature": "zscore_vol_10d",
      "importance": 7.172313126055488e-05
    },
    {
      "feature": "signal_numeric",
      "importance": 1.190642675028744e-06
    },
    {
      "feature": "price_change_3d",
      "importance": 0.0
    },
    {
      "feature": "price_change_5d",
      "importance": 0.0
    }
  ],
  "timestamp": "2025-11-02T23:39:53.280935"
}