{
  "target_horizon": "3d",
  "n_train": 188,
  "n_test": 47,
  "n_features": 29,
  "pump_classifier": {
    "auc": 0.5938697318007663,
    "confusion_matrix": [
      [
        16,
        2
      ],
      [
        22,
        7
      ]
    ],
    "predictions": [
      0,
      0,
      0,
      0,
      0,
      0,
      0,
      0,
      0,
      0,
      0,
      0,
      0,
      0,
      0,
      0,
      0,
      0,
      0,
      0,
      1,
      0,
      1,
      1,
      0,
      1,
      0,
      0,
      0,
      0,
      0,
      0,
      1,
      0,
      0,
      0,
      1,
      0,
      0,
      1,
      0,
      1,
      0,
      0,
      1,
      0,
      0
    ],
    "probabilities": [
      0.020069914075719026,
      0.494249593844408,
      0.17092651406141104,
      0.456497875152317,
      0.03863608102423892,
      0.25481880393266504,
      0.2965883823148529,
      0.2721945364012546,
      0.1763956842981779,
      0.18368297625458743,
      0.09934225584357163,
      0.29159542196120614,
      0.20973334700246415,
      0.33192526640051545,
      0.4420652478732387,
      0.2517445332445332,
      0.09546953631164155,
      0.33096189016297717,
      0.16579565034520272,
      0.2264300157647849,
      0.6498621580536539,
      0.2961613789833605,
      0.5484058177374738,
      0.5943099905395098,
      0.2478466972789054,
      0.5028978919515297,
      0.07610720298220298,
      0.22361155321286896,
      0.1183194768194768,
      0.0941402547400999,
      0.18286159089993378,
      0.02759856298672088,
      0.5464241116306833,
      0.19887680856766532,
      0.2657591005428466,
      0.35842020989818124,
      0.5414319997600966,
      0.3917461200990915,
      0.20343052881096357,
      0.7299581335846814,
      0.37928545098978533,
      0.5341601368065306,
      0.039530580530580534,
      0.3805553492730276,
      0.5957004530832828,
      0.26759405667270103,
      0.21145535747321456
    ]
  },
  "return_regressor": {
    "mae": 0.7925016837681123,
    "mse": 1.6233055506816851,
    "rmse": 1.2740900873492758,
    "r2": -0.30901937178219674,
    "predictions": [
      -0.006479517067550214,
      0.2050828012459781,
      0.10476992106231668,
      0.15526082428941787,
      -0.010678098443256543,
      0.11953516403670301,
      0.1950910001712624,
      0.12677001872456783,
      0.11756567674908633,
      0.13721717709641446,
      0.03179393544106142,
      0.10975006062399226,
      0.12937302757840372,
      0.17590690193019656,
      0.3408737770097972,
      0.19357699099228637,
      0.03995484031826959,
      0.4466357569335767,
      0.12888565733361834,
      0.16726454818955885,
      0.306824361177376,
      0.18646156021882196,
      0.4752986820902064,
      0.38780770868236536,
      0.19205151840894746,
      0.4137395083392071,
      -0.00577640134936375,
      0.07102971779101769,
      0.043958033655794114,
      0.061556097346812104,
      0.09106833238319498,
      -0.019111980770441024,
      0.25641305185492924,
      0.04822395031069971,
      0.150717732587547,
      0.13039869092007908,
      0.19101068727513354,
      0.17395991274780406,
      0.12080691221578345,
      0.7452174830102106,
      0.08126083270644406,
      0.3859297238137403,
      -0.0037687829631724867,
      0.10263848818966771,
      0.41193304336626385,
      0.18438125703296307,
      0.05723159763798469
    ]
  },
  "pump_feature_importance": [
    {
      "feature": "volume_24h_usd",
      "importance": 0.2549867712103373
    },
    {
      "feature": "volume_to_liquidity",
      "importance": 0.1684900884302929
    },
    {
      "feature": "liquidity_usd",
      "importance": 0.1284614331146466
    },
    {
      "feature": "price_usd",
      "importance": 0.12323713799358388
    },
    {
      "feature": "price_change_1d",
      "importance": 0.08205362621167478
    },
    {
      "feature": "volume_ma_3d",
      "importance": 0.06652853284846973
    },
    {
      "feature": "liquidity_change_1d",
      "importance": 0.04805202334979449
    },
    {
      "feature": "volume_change_1d",
      "importance": 0.031022455448870487
    },
    {
      "feature": "volume_ma_7d",
      "importance": 0.02211476179302312
    },
    {
      "feature": "volatility_5d",
      "importance": 0.017622856202531522
    },
    {
      "feature": "volume_momentum",
      "importance": 0.014054227257464911
    },
    {
      "feature": "vol_mom_3v1",
      "importance": 0.011241357599853095
    },
    {
      "feature": "momentum_3d",
      "importance": 0.010041495349655491
    },
    {
      "feature": "zscore_liq_10d",
      "importance": 0.0058389972177954955
    },
    {
      "feature": "zscore_vol_10d",
      "importance": 0.0051748497481228315
    },
    {
      "feature": "vol_mom_5v3",
      "importance": 0.003997448901706004
    },
    {
      "feature": "signal_numeric",
      "importance": 0.0036679704600120367
    },
    {
      "feature": "score",
      "importance": 0.002183044465389791
    },
    {
      "feature": "volatility_10d",
      "importance": 0.0012053114121149267
    },
    {
      "feature": "volume_change_3d",
      "importance": 2.561098466053696e-05
    }
  ],
  "return_feature_importance": [
    {
      "feature": "volume_24h_usd",
      "importance": 0.22769897937110145
    },
    {
      "feature": "price_change_1d",
      "importance": 0.1885564761319455
    },
    {
      "feature": "volume_to_liquidity",
      "importance": 0.1664220085452459
    },
    {
      "feature": "liquidity_usd",
      "importance": 0.11906470052007348
    },
    {
      "feature": "price_usd",
      "importance": 0.09673883906471728
    },
    {
      "feature": "volume_ma_3d",
      "importance": 0.058255162943623214
    },
    {
      "feature": "volume_change_1d",
      "importance": 0.029225473136696184
    },
    {
      "feature": "vol_mom_3v1",
      "importance": 0.026227219908869722
    },
    {
      "feature": "volume_ma_7d",
      "importance": 0.021826197018196835
    },
    {
      "feature": "liquidity_change_1d",
      "importance": 0.013293802514310326
    },
    {
      "feature": "zscore_liq_10d",
      "importance": 0.010614865268319725
    },
    {
      "feature": "score",
      "importance": 0.00970177406365743
    },
    {
      "feature": "momentum_3d",
      "importance": 0.008692380626020789
    },
    {
      "feature": "signal_numeric",
      "importance": 0.006952098335297212
    },
    {
      "feature": "zscore_vol_10d",
      "importance": 0.006563812998751067
    },
    {
      "feature": "volume_momentum",
      "importance": 0.005107340327381233
    },
    {
      "feature": "volatility_5d",
      "importance": 0.00505886922579266
    },
    {
      "feature": "price_change_3d",
      "importance": 0.0
    },
    {
      "feature": "volatility_10d",
      "importance": 0.0
    },
    {
      "feature": "price_change_5d",
      "importance": 0.0
    }
  ],
  "timestamp": "2025-11-03T18:45:02.555582"
}