{
  "target_horizon": "3d",
  "n_train": 183,
  "n_test": 45,
  "n_features": 29,
  "pump_classifier": {
    "auc": 0.6072874493927126,
    "confusion_matrix": [
      [
        15,
        4
      ],
      [
        24,
        2
      ]
    ],
    "predictions": [
      0,
      0,
      1,
      0,
      1,
      0,
      0,
      0,
      0,
      0,
      0,
      0,
      1,
      0,
      0,
      0,
      0,
      0,
      0,
      0,
      0,
      0,
      0,
      0,
      1,
      0,
      0,
      0,
      0,
      0,
      0,
      0,
      0,
      0,
      0,
      0,
      1,
      0,
      0,
      0,
      1,
      0,
      0,
      0,
      0
    ],
    "probabilities": [
      0.19873360898136422,
      0.034239383694044834,
      0.5319111250404593,
      0.41468818815234215,
      0.540930824408029,
      0.46903478508121066,
      0.04751663840386351,
      0.45894521940256383,
      0.2154071510881553,
      0.318129775432078,
      0.11678588939588216,
      0.40048941544499655,
      0.5634813658896376,
      0.4434251669239323,
      0.30309355351018774,
      0.37152475422247455,
      0.258875438668008,
      0.032678697183575134,
      0.22155593026095716,
      0.2793173136231184,
      0.3281379593613884,
      0.2688959885287753,
      0.35897292959297594,
      0.23805037858316538,
      0.5340304473847817,
      0.4953323387357221,
      0.2576495234884165,
      0.42373057012365123,
      0.17543477511828884,
      0.043146570732071704,
      0.18777864550028686,
      0.2767400079222832,
      0.13354006179330993,
      0.273868208792172,
      0.464817027124848,
      0.3837358135602092,
      0.7390326869752564,
      0.339458200654031,
      0.4413199305767565,
      0.2073059560560603,
      0.5059503840976971,
      0.47008759983445236,
      0.4688469512883959,
      0.33114184403766805,
      0.22565535811189194
    ]
  },
  "return_regressor": {
    "mae": 0.5254106060401885,
    "mse": 0.7812186164850813,
    "rmse": 0.8838657231079171,
    "r2": -0.24393577919825904,
    "predictions": [
      0.10772807555145582,
      -0.0005414898931680033,
      0.6080446931526432,
      0.20102621463862622,
      0.3398190231417859,
      0.34962921175348716,
      0.016834192892109724,
      0.17672819240948506,
      0.08697417064873965,
      0.14313445855233192,
      0.09220315684571595,
      0.15751059177008353,
      0.539079422300621,
      0.18853778689733075,
      0.1179904406804925,
      0.3818929879660245,
      0.09863967315362963,
      -0.008818457178541121,
      0.08855641120795728,
      0.2096433800902565,
      0.21130453027798046,
      0.06300519949554059,
      0.40015330732542365,
      0.09464872454904034,
      0.48589900818804543,
      0.3612797361246028,
      0.1374713107598173,
      0.355888091153666,
      0.09083813302349059,
      -0.017082806504365597,
      -0.00625201934384797,
      0.09109918195202761,
      0.03260321371375651,
      0.0741451103783361,
      0.19266253620721746,
      0.17209817010179473,
      0.719500342105006,
      0.09860484281730558,
      0.1357735763624726,
      0.06690005979367078,
      0.40847564957631477,
      0.275730758242863,
      0.24604018699142005,
      0.1700416878668668,
      0.003524746536052715
    ]
  },
  "pump_feature_importance": [
    {
      "feature": "volume_24h_usd",
      "importance": 0.2253322461773613
    },
    {
      "feature": "volume_to_liquidity",
      "importance": 0.16690751224357878
    },
    {
      "feature": "price_usd",
      "importance": 0.11655790313948552
    },
    {
      "feature": "liquidity_usd",
      "importance": 0.11093479682075773
    },
    {
      "feature": "price_change_1d",
      "importance": 0.10649488663522014
    },
    {
      "feature": "volume_ma_3d",
      "importance": 0.07381887603025879
    },
    {
      "feature": "liquidity_change_1d",
      "importance": 0.06655949070152073
    },
    {
      "feature": "volume_change_1d",
      "importance": 0.028645207786773076
    },
    {
      "feature": "volume_ma_7d",
      "importance": 0.02137852168100004
    },
    {
      "feature": "volatility_5d",
      "importance": 0.01670694517975238
    },
    {
      "feature": "volume_momentum",
      "importance": 0.016226504016727036
    },
    {
      "feature": "momentum_3d",
      "importance": 0.012176553881049329
    },
    {
      "feature": "vol_mom_3v1",
      "importance": 0.011201721818629735
    },
    {
      "feature": "zscore_liq_10d",
      "importance": 0.006823069948852905
    },
    {
      "feature": "zscore_vol_10d",
      "importance": 0.006743503991598458
    },
    {
      "feature": "vol_mom_5v3",
      "importance": 0.006233994832922579
    },
    {
      "feature": "signal_numeric",
      "importance": 0.003880569064907898
    },
    {
      "feature": "score",
      "importance": 0.0033776960496034914
    },
    {
      "feature": "price_change_3d",
      "importance": 0.0
    },
    {
      "feature": "price_change_5d",
      "importance": 0.0
    }
  ],
  "return_feature_importance": [
    {
      "feature": "volume_24h_usd",
      "importance": 0.2694115136644558
    },
    {
      "feature": "price_change_1d",
      "importance": 0.18530159290935552
    },
    {
      "feature": "liquidity_usd",
      "importance": 0.13236632801549086
    },
    {
      "feature": "volume_to_liquidity",
      "importance": 0.12550342834577027
    },
    {
      "feature": "volume_ma_3d",
      "importance": 0.09797533715810652
    },
    {
      "feature": "price_usd",
      "importance": 0.08415698362739343
    },
    {
      "feature": "vol_mom_3v1",
      "importance": 0.021195080854207043
    },
    {
      "feature": "volume_change_1d",
      "importance": 0.01804972881593528
    },
    {
      "feature": "volume_ma_7d",
      "importance": 0.01551268575956272
    },
    {
      "feature": "volume_momentum",
      "importance": 0.014146357893734291
    },
    {
      "feature": "zscore_liq_10d",
      "importance": 0.009850461213974105
    },
    {
      "feature": "liquidity_change_1d",
      "importance": 0.008981105906803004
    },
    {
      "feature": "volatility_5d",
      "importance": 0.008509485280688157
    },
    {
      "feature": "score",
      "importance": 0.005244325734719999
    },
    {
      "feature": "zscore_vol_10d",
      "importance": 0.002801134676744351
    },
    {
      "feature": "momentum_3d",
      "importance": 0.000553230971454678
    },
    {
      "feature": "signal_numeric",
      "importance": 0.0004412191716039775
    },
    {
      "feature": "price_change_3d",
      "importance": 0.0
    },
    {
      "feature": "volatility_10d",
      "importance": 0.0
    },
    {
      "feature": "price_change_5d",
      "importance": 0.0
    }
  ],
  "timestamp": "2025-11-02T18:28:56.066755"
}