{
  "target_horizon": "3d",
  "n_train": 183,
  "n_test": 45,
  "n_features": 29,
  "pump_classifier": {
    "auc": 0.7068965517241379,
    "confusion_matrix": [
      [
        15,
        1
      ],
      [
        23,
        6
      ]
    ],
    "predictions": [
      0,
      0,
      0,
      0,
      0,
      1,
      0,
      1,
      0,
      0,
      0,
      0,
      0,
      1,
      0,
      0,
      0,
      0,
      0,
      0,
      0,
      0,
      0,
      0,
      0,
      0,
      0,
      0,
      0,
      0,
      0,
      0,
      0,
      0,
      0,
      0,
      1,
      0,
      1,
      0,
      0,
      1,
      1,
      0,
      0
    ],
    "probabilities": [
      0.39142343666723867,
      0.052397634500575684,
      0.39134187232412115,
      0.08898610022847109,
      0.01322751397069905,
      0.6858513543312023,
      0.32064601046730556,
      0.5147573010480978,
      0.014020277050741105,
      0.36665093793711284,
      0.018824380067565146,
      0.042368464868464864,
      0.03692392438158308,
      0.518077232152879,
      0.11687832767234603,
      0.06548056480629258,
      0.4258775961941283,
      0.19944157158498743,
      0.259402972027972,
      0.11524949989623902,
      0.46062867404477215,
      0.28079015357351084,
      0.4589605750908995,
      0.4799096890945566,
      0.42674728510699445,
      0.1554768278330265,
      0.05367438444208703,
      0.21669863740172599,
      0.11068208925221121,
      0.12327242798624376,
      0.11148050715516304,
      0.31852708551199993,
      0.27451804108988365,
      0.36953345292188217,
      0.32201174274256267,
      0.06465692477457186,
      0.6724060290199995,
      0.315916120477325,
      0.592501895260149,
      0.38539937291012794,
      0.1571830438110405,
      0.5391143168712883,
      0.562740019310228,
      0.2941002604340216,
      0.18074499521602788
    ]
  },
  "return_regressor": {
    "mae": 0.7011776050280434,
    "mse": 1.4994462664671122,
    "rmse": 1.2245187897566587,
    "r2": -0.14313258336267176,
    "predictions": [
      0.1847395631599157,
      0.004584301458176246,
      0.2803197426990871,
      0.06460922367178988,
      -0.005949017956606389,
      0.5706151620483002,
      0.23179790370940836,
      0.272539046926751,
      -0.0152697836677291,
      0.07609746744914497,
      0.022144846759453052,
      0.0613625328033072,
      0.011932842603631151,
      0.3625967145243386,
      0.10682928779674583,
      0.04244614575871038,
      0.2958370294462423,
      0.07325654776068277,
      0.19169993326439105,
      0.14247346952054873,
      0.29870317848822187,
      0.19398960342095628,
      0.4417541307471386,
      0.5055667405675446,
      0.39200123729009556,
      0.08844690024935797,
      0.0003101305891086505,
      0.10132513493494112,
      0.06264652232986381,
      0.031871962889314084,
      0.08783070458992176,
      0.36477361980914685,
      0.2397944760155156,
      0.2544663496343975,
      0.12733013303607482,
      0.036006557692237026,
      0.7159346790099377,
      0.17055314641433075,
      0.5157364092573858,
      0.11667013147194616,
      0.08953088970789444,
      0.44350796206601456,
      0.3661108801121994,
      0.06292586571909442,
      0.07851397595459729
    ]
  },
  "pump_feature_importance": [
    {
      "feature": "volume_24h_usd",
      "importance": 0.24785127783188574
    },
    {
      "feature": "volume_to_liquidity",
      "importance": 0.1573151967851359
    },
    {
      "feature": "liquidity_usd",
      "importance": 0.12569086788863879
    },
    {
      "feature": "price_usd",
      "importance": 0.09947113292385204
    },
    {
      "feature": "price_change_1d",
      "importance": 0.09065718583454843
    },
    {
      "feature": "volume_ma_3d",
      "importance": 0.07779092197887867
    },
    {
      "feature": "liquidity_change_1d",
      "importance": 0.05988061291503128
    },
    {
      "feature": "volume_change_1d",
      "importance": 0.029648390425334296
    },
    {
      "feature": "volume_ma_7d",
      "importance": 0.027437207474430292
    },
    {
      "feature": "volume_momentum",
      "importance": 0.017292459687200865
    },
    {
      "feature": "momentum_3d",
      "importance": 0.014356941341931384
    },
    {
      "feature": "volatility_5d",
      "importance": 0.0128111421680385
    },
    {
      "feature": "vol_mom_3v1",
      "importance": 0.011543772222691033
    },
    {
      "feature": "zscore_liq_10d",
      "importance": 0.008112342583938682
    },
    {
      "feature": "zscore_vol_10d",
      "importance": 0.007569726811022737
    },
    {
      "feature": "signal_numeric",
      "importance": 0.005253771827252536
    },
    {
      "feature": "price_change_3d",
      "importance": 0.0031679634946449376
    },
    {
      "feature": "vol_mom_5v3",
      "importance": 0.0021850709646733836
    },
    {
      "feature": "score",
      "importance": 0.001316555847163389
    },
    {
      "feature": "volume_change_3d",
      "importance": 0.0006474589937072423
    }
  ],
  "return_feature_importance": [
    {
      "feature": "volume_24h_usd",
      "importance": 0.23927246923866458
    },
    {
      "feature": "price_change_1d",
      "importance": 0.12819968645439042
    },
    {
      "feature": "volume_to_liquidity",
      "importance": 0.12499262867597798
    },
    {
      "feature": "liquidity_usd",
      "importance": 0.12034763803499085
    },
    {
      "feature": "volume_ma_3d",
      "importance": 0.11691012851604096
    },
    {
      "feature": "price_usd",
      "importance": 0.07515034096224885
    },
    {
      "feature": "volume_change_1d",
      "importance": 0.03435365855324087
    },
    {
      "feature": "liquidity_change_1d",
      "importance": 0.028089795888402998
    },
    {
      "feature": "vol_mom_3v1",
      "importance": 0.027935117013653483
    },
    {
      "feature": "volume_ma_7d",
      "importance": 0.02714862723427376
    },
    {
      "feature": "volume_momentum",
      "importance": 0.018970590845720954
    },
    {
      "feature": "score",
      "importance": 0.016417441132969484
    },
    {
      "feature": "momentum_3d",
      "importance": 0.011034052483779817
    },
    {
      "feature": "zscore_liq_10d",
      "importance": 0.007123242935296792
    },
    {
      "feature": "volatility_5d",
      "importance": 0.006658649315584679
    },
    {
      "feature": "zscore_vol_10d",
      "importance": 0.006409279783466999
    },
    {
      "feature": "volatility_10d",
      "importance": 0.004784974582224472
    },
    {
      "feature": "price_change_3d",
      "importance": 0.0030951978291704394
    },
    {
      "feature": "signal_numeric",
      "importance": 0.002203210181240601
    },
    {
      "feature": "volume_change_3d",
      "importance": 0.0008957786572470584
    }
  ],
  "timestamp": "2025-11-08T23:10:50.439164"
}