{
  "target_horizon": "3d",
  "n_train": 189,
  "n_test": 47,
  "n_features": 29,
  "pump_classifier": {
    "auc": 0.5685483870967741,
    "confusion_matrix": [
      [
        15,
        1
      ],
      [
        27,
        4
      ]
    ],
    "predictions": [
      0,
      0,
      0,
      0,
      0,
      1,
      0,
      0,
      0,
      0,
      0,
      0,
      0,
      0,
      0,
      0,
      0,
      0,
      0,
      1,
      0,
      0,
      0,
      0,
      0,
      0,
      0,
      0,
      0,
      0,
      0,
      0,
      0,
      0,
      0,
      0,
      1,
      0,
      0,
      0,
      0,
      0,
      0,
      1,
      1,
      0,
      0
    ],
    "probabilities": [
      0.4424588392626773,
      0.2504111998642825,
      0.11011493660717589,
      0.41496789058800865,
      0.33482034394212185,
      0.5752157176050333,
      0.2633059073289523,
      0.37931844469757564,
      0.45898506206032735,
      0.2836704686925275,
      0.3782079659544897,
      0.22485067474677436,
      0.25382687935704884,
      0.33296508568761957,
      0.04321657491050754,
      0.22330793051690878,
      0.298812566739048,
      0.2846819250749777,
      0.17489756084642682,
      0.507882455421305,
      0.4968374927877287,
      0.0669912541162541,
      0.24132499920131728,
      0.21479419187227472,
      0.20928784429711741,
      0.18277447706029298,
      0.17828256959042565,
      0.24165356272158356,
      0.24670823026315358,
      0.24823330538257563,
      0.4136093013769592,
      0.4056547003904209,
      0.465888827435592,
      0.4166293552469117,
      0.08941219428719428,
      0.4473999655527585,
      0.6286068894399676,
      0.40431606720484853,
      0.40091334039598303,
      0.2925918709954925,
      0.4315914933334507,
      0.25048726594756,
      0.2489995360248493,
      0.5557781417582178,
      0.5897984095556249,
      0.3157548040646258,
      0.27544751906708426
    ]
  },
  "return_regressor": {
    "mae": 0.7658864190289166,
    "mse": 1.5781002727849789,
    "rmse": 1.2562246108021364,
    "r2": -0.27247922656872103,
    "predictions": [
      0.3144453778808483,
      0.1201038835541749,
      0.04178592937369772,
      0.19947349487360003,
      0.16084884892987575,
      0.5558819434804507,
      0.10891322852695043,
      0.17935550988094814,
      0.15167649779721662,
      0.07816532538274135,
      0.3471203928268888,
      0.11426985687346596,
      0.12603149198367367,
      0.2467466863472575,
      -0.003334971211763044,
      0.0958770825291705,
      0.2175212967316542,
      0.22797213857845683,
      0.1109422296952216,
      0.23988529263481703,
      0.38420877987439894,
      0.020855181746094423,
      0.03477745685708385,
      0.1130704098716437,
      0.14820543899441893,
      0.05532758479009977,
      0.032084255247212666,
      0.1677719393777083,
      0.08607468960150165,
      0.1536015542261441,
      0.13568231544282455,
      0.15076452043101962,
      0.39223787373687813,
      0.17358324345526416,
      0.03969128464836486,
      0.5029797555845474,
      0.7400651244138612,
      0.08421653167554288,
      0.391341814303102,
      0.1432691503557314,
      0.11301756724722102,
      0.1518540850166655,
      0.13202977408516886,
      0.37262236253688824,
      0.33956255572859667,
      0.4072812657061734,
      0.06064257930369931
    ]
  },
  "pump_feature_importance": [
    {
      "feature": "volume_24h_usd",
      "importance": 0.23802662395215046
    },
    {
      "feature": "volume_to_liquidity",
      "importance": 0.1641917968324151
    },
    {
      "feature": "liquidity_usd",
      "importance": 0.10965966223390548
    },
    {
      "feature": "price_change_1d",
      "importance": 0.10301179211295217
    },
    {
      "feature": "price_usd",
      "importance": 0.09582301066547978
    },
    {
      "feature": "liquidity_change_1d",
      "importance": 0.07947311626302045
    },
    {
      "feature": "volume_ma_3d",
      "importance": 0.06242193235918602
    },
    {
      "feature": "volume_change_1d",
      "importance": 0.03475798757054723
    },
    {
      "feature": "volume_momentum",
      "importance": 0.023973568410415556
    },
    {
      "feature": "volume_ma_7d",
      "importance": 0.02233589820937273
    },
    {
      "feature": "volatility_5d",
      "importance": 0.02153987668175473
    },
    {
      "feature": "momentum_3d",
      "importance": 0.011447847495723296
    },
    {
      "feature": "zscore_liq_10d",
      "importance": 0.009215562737270509
    },
    {
      "feature": "vol_mom_3v1",
      "importance": 0.007619384619853977
    },
    {
      "feature": "score",
      "importance": 0.006100936431027066
    },
    {
      "feature": "zscore_vol_10d",
      "importance": 0.004159225106071144
    },
    {
      "feature": "vol_mom_5v3",
      "importance": 0.002920125653027586
    },
    {
      "feature": "signal_numeric",
      "importance": 0.002708942892875521
    },
    {
      "feature": "volatility_10d",
      "importance": 0.0006127097729511444
    },
    {
      "feature": "price_change_5d",
      "importance": 0.0
    }
  ],
  "return_feature_importance": [
    {
      "feature": "volume_24h_usd",
      "importance": 0.25833296941678163
    },
    {
      "feature": "price_change_1d",
      "importance": 0.1740338199931184
    },
    {
      "feature": "volume_to_liquidity",
      "importance": 0.12019616335126705
    },
    {
      "feature": "volume_ma_3d",
      "importance": 0.1152508574888435
    },
    {
      "feature": "liquidity_usd",
      "importance": 0.10553217606211038
    },
    {
      "feature": "price_usd",
      "importance": 0.09990092826029096
    },
    {
      "feature": "vol_mom_3v1",
      "importance": 0.039221915269426186
    },
    {
      "feature": "volume_change_1d",
      "importance": 0.035390272264829305
    },
    {
      "feature": "volume_ma_7d",
      "importance": 0.022693841550447885
    },
    {
      "feature": "liquidity_change_1d",
      "importance": 0.013713529050052024
    },
    {
      "feature": "momentum_3d",
      "importance": 0.0045907856705038825
    },
    {
      "feature": "volume_momentum",
      "importance": 0.0036505716336598304
    },
    {
      "feature": "vol_mom_5v3",
      "importance": 0.0026756033963704256
    },
    {
      "feature": "volatility_5d",
      "importance": 0.002215027633317811
    },
    {
      "feature": "zscore_liq_10d",
      "importance": 0.0014820231209538488
    },
    {
      "feature": "score",
      "importance": 0.0009898277310607803
    },
    {
      "feature": "signal_numeric",
      "importance": 0.00010636207295419254
    },
    {
      "feature": "zscore_vol_10d",
      "importance": 2.3326034012047793e-05
    },
    {
      "feature": "price_change_3d",
      "importance": 0.0
    },
    {
      "feature": "price_change_5d",
      "importance": 0.0
    }
  ],
  "timestamp": "2025-11-09T19:05:28.834011"
}