{
  "target_horizon": "3d",
  "n_train": 186,
  "n_test": 46,
  "n_features": 29,
  "pump_classifier": {
    "auc": 0.62004662004662,
    "confusion_matrix": [
      [
        13,
        0
      ],
      [
        31,
        2
      ]
    ],
    "predictions": [
      0,
      0,
      0,
      0,
      0,
      0,
      0,
      0,
      0,
      0,
      1,
      0,
      0,
      0,
      0,
      0,
      0,
      0,
      0,
      0,
      0,
      0,
      0,
      0,
      0,
      0,
      0,
      1,
      0,
      0,
      0,
      0,
      0,
      0,
      0,
      0,
      0,
      0,
      0,
      0,
      0,
      0,
      0,
      0,
      0,
      0
    ],
    "probabilities": [
      0.413208840466862,
      0.45987441250478056,
      0.4654557977861657,
      0.341165343914376,
      0.033026162781591595,
      0.09007972608147029,
      0.4397918689733207,
      0.12788421544066703,
      0.32799851961810106,
      0.4178355694183569,
      0.5594931125689342,
      0.15186403292048456,
      0.3193296612616495,
      0.31204223450268165,
      0.033416821723273336,
      0.029671511477963094,
      0.19363957520641686,
      0.15596938590083748,
      0.15913156362627764,
      0.21203765559410723,
      0.24536467770054105,
      0.10681278686923847,
      0.23992820734562803,
      0.4226438188735153,
      0.14825769202009328,
      0.12576625388792284,
      0.31821020064165245,
      0.6712997736503429,
      0.4415483219113245,
      0.37530515108778567,
      0.04636018391663553,
      0.2938792965096646,
      0.1666394866511812,
      0.41878298925141944,
      0.0380254270818787,
      0.19340415666655794,
      0.2732688791492472,
      0.48738032921384156,
      0.20689920868318526,
      0.4109744129771217,
      0.297289327272748,
      0.442067773411657,
      0.10023475370297001,
      0.30501914736824004,
      0.34825079512037677,
      0.1547913535358856
    ]
  },
  "return_regressor": {
    "mae": 0.6639835971114535,
    "mse": 1.3393395116283389,
    "rmse": 1.1572983675908037,
    "r2": -0.17459029585492192,
    "predictions": [
      0.41352133738444263,
      0.5348926246091804,
      0.39509929864655274,
      0.19644056320731745,
      -0.001128823352653654,
      -0.0009555128868544893,
      0.2758947932240355,
      0.13433463036213344,
      0.07272130530511425,
      0.26061418686365123,
      0.519965921678863,
      0.05988252063615043,
      0.2415408393281041,
      0.16166200753596247,
      0.03677018168775053,
      0.004740734802793054,
      0.12618881610528232,
      0.06996110941711549,
      0.13181581596299097,
      0.11860777090295155,
      0.2502134368564395,
      0.11953155438447532,
      0.27801578198700044,
      0.4818441511318263,
      0.08203947836315514,
      0.040856859578691715,
      0.16504983006236795,
      0.7750877759552252,
      0.5314670811405735,
      0.09917038315685842,
      0.07893660209106107,
      0.15083773121834848,
      0.08737654593139674,
      0.4195779548840718,
      0.07657793517583183,
      0.16340175141634153,
      0.10616769046033944,
      0.36329335308211597,
      0.23010029553195316,
      0.28841557134457374,
      0.26464029827977603,
      0.24028631828791785,
      0.07351149523689621,
      0.4033850164527539,
      0.2202250416743544,
      0.051545652984547156
    ]
  },
  "pump_feature_importance": [
    {
      "feature": "volume_24h_usd",
      "importance": 0.23324488483787756
    },
    {
      "feature": "volume_to_liquidity",
      "importance": 0.17187246718443658
    },
    {
      "feature": "liquidity_usd",
      "importance": 0.11763307632856658
    },
    {
      "feature": "price_change_1d",
      "importance": 0.10652105637972467
    },
    {
      "feature": "price_usd",
      "importance": 0.09738587507096676
    },
    {
      "feature": "volume_ma_3d",
      "importance": 0.06762761164336635
    },
    {
      "feature": "volume_momentum",
      "importance": 0.04178839340390229
    },
    {
      "feature": "liquidity_change_1d",
      "importance": 0.03894109927649893
    },
    {
      "feature": "volume_change_1d",
      "importance": 0.03773791424877111
    },
    {
      "feature": "volume_ma_7d",
      "importance": 0.02325790560227239
    },
    {
      "feature": "volatility_5d",
      "importance": 0.016980586277156838
    },
    {
      "feature": "momentum_3d",
      "importance": 0.01599616609191521
    },
    {
      "feature": "vol_mom_3v1",
      "importance": 0.008167569591529294
    },
    {
      "feature": "zscore_vol_10d",
      "importance": 0.006479277284908585
    },
    {
      "feature": "zscore_liq_10d",
      "importance": 0.005814203355024124
    },
    {
      "feature": "vol_mom_5v3",
      "importance": 0.0038401262507035258
    },
    {
      "feature": "score",
      "importance": 0.003567188171430592
    },
    {
      "feature": "signal_numeric",
      "importance": 0.0031445990009485465
    },
    {
      "feature": "price_change_3d",
      "importance": 0.0
    },
    {
      "feature": "price_change_5d",
      "importance": 0.0
    }
  ],
  "return_feature_importance": [
    {
      "feature": "volume_24h_usd",
      "importance": 0.25779106272230445
    },
    {
      "feature": "price_change_1d",
      "importance": 0.17126380863997656
    },
    {
      "feature": "liquidity_usd",
      "importance": 0.10702103934843764
    },
    {
      "feature": "volume_ma_3d",
      "importance": 0.09754207502570242
    },
    {
      "feature": "volume_to_liquidity",
      "importance": 0.09703170858261113
    },
    {
      "feature": "price_usd",
      "importance": 0.09361206778406023
    },
    {
      "feature": "volume_change_1d",
      "importance": 0.04668629004668125
    },
    {
      "feature": "volume_momentum",
      "importance": 0.025231985722967813
    },
    {
      "feature": "liquidity_change_1d",
      "importance": 0.020640681691171454
    },
    {
      "feature": "score",
      "importance": 0.01835102581376702
    },
    {
      "feature": "vol_mom_3v1",
      "importance": 0.01692499042636959
    },
    {
      "feature": "volume_ma_7d",
      "importance": 0.01618980364527548
    },
    {
      "feature": "volatility_5d",
      "importance": 0.015981806472432566
    },
    {
      "feature": "zscore_liq_10d",
      "importance": 0.006085367862766127
    },
    {
      "feature": "volume_change_3d",
      "importance": 0.003017198995890393
    },
    {
      "feature": "momentum_3d",
      "importance": 0.0027657507532785506
    },
    {
      "feature": "zscore_vol_10d",
      "importance": 0.0022281047509606954
    },
    {
      "feature": "price_change_3d",
      "importance": 0.0016129530811356866
    },
    {
      "feature": "signal_numeric",
      "importance": 2.227863421081666e-05
    },
    {
      "feature": "price_change_5d",
      "importance": 0.0
    }
  ],
  "timestamp": "2025-11-11T08:40:06.592990"
}