{
  "target_horizon": "3d",
  "n_train": 186,
  "n_test": 46,
  "n_features": 29,
  "pump_classifier": {
    "auc": 0.59375,
    "confusion_matrix": [
      [
        12,
        2
      ],
      [
        24,
        8
      ]
    ],
    "predictions": [
      1,
      0,
      0,
      0,
      0,
      0,
      0,
      0,
      0,
      0,
      0,
      0,
      1,
      0,
      0,
      1,
      0,
      0,
      0,
      0,
      0,
      1,
      0,
      0,
      0,
      0,
      0,
      0,
      0,
      0,
      0,
      0,
      1,
      0,
      0,
      1,
      1,
      0,
      1,
      0,
      0,
      0,
      1,
      1,
      0,
      0
    ],
    "probabilities": [
      0.6250604975451276,
      0.280192168211905,
      0.13920303971390927,
      0.08497522616272617,
      0.4561251778910418,
      0.39978912609567574,
      0.08938771571901874,
      0.25193083995318316,
      0.4116816347715328,
      0.4356213275286806,
      0.4458546833828781,
      0.05980166034370673,
      0.6104191245051506,
      0.037876380339158446,
      0.4151789431929231,
      0.6111745766153956,
      0.03485543459808166,
      0.27335020614786676,
      0.299716537130738,
      0.11526678550207961,
      0.49588703780401777,
      0.5010878912968695,
      0.21901004016473638,
      0.14974128483745358,
      0.19346662718832527,
      0.186976104931445,
      0.19973189011750608,
      0.13792089160839163,
      0.18219169974668695,
      0.2877761847061719,
      0.4056542069587175,
      0.4994593904363365,
      0.5818498631024686,
      0.36338055250859236,
      0.03967677298192004,
      0.5997749622053629,
      0.692325716834291,
      0.3850541471376172,
      0.518713963804131,
      0.2723318235118106,
      0.42792637553147034,
      0.2561300441444964,
      0.5718639010604555,
      0.6261058665459437,
      0.34900471144956446,
      0.2382097513542346
    ]
  },
  "return_regressor": {
    "mae": 0.7131377260054197,
    "mse": 1.4547625830879247,
    "rmse": 1.2061353916903046,
    "r2": -0.1905996755520798,
    "predictions": [
      0.5446927299538314,
      0.17903455542092872,
      0.13100279935518355,
      0.048673031634608996,
      0.23638430515440145,
      0.32629225960923786,
      0.035359434854018906,
      0.046246109149945036,
      0.22511490768292322,
      0.28978965963705655,
      0.18994903494668214,
      0.008577118819182576,
      0.4019397407485937,
      0.0041595428163745144,
      0.1677187697131577,
      0.36218351995695064,
      0.06988916481592933,
      0.20295197491919736,
      0.2455690337741872,
      0.12702408015836825,
      0.28981455079654056,
      0.3971127269541857,
      0.08461583169152664,
      0.05724833223356745,
      0.13094455771629065,
      0.1314176704648494,
      0.00333197579136143,
      0.03194994554683576,
      0.08708977218882526,
      0.25085272222497745,
      0.1784446600134535,
      0.2408825685833571,
      0.47136253267237826,
      0.15492970756971222,
      0.027387734865826213,
      0.5230642745046763,
      0.7836174591088345,
      0.18039138831561502,
      0.4444256070150776,
      0.23070066079396295,
      0.11582259100304348,
      0.07985334238340767,
      0.3497973775115918,
      0.3302732131804775,
      0.3140679269985344,
      0.06845646395934574
    ]
  },
  "pump_feature_importance": [
    {
      "feature": "volume_24h_usd",
      "importance": 0.25311481329787866
    },
    {
      "feature": "volume_to_liquidity",
      "importance": 0.17391674063361154
    },
    {
      "feature": "price_usd",
      "importance": 0.11514942757678229
    },
    {
      "feature": "liquidity_usd",
      "importance": 0.10431213484880075
    },
    {
      "feature": "price_change_1d",
      "importance": 0.09684364178179665
    },
    {
      "feature": "volume_ma_3d",
      "importance": 0.08132496257320314
    },
    {
      "feature": "liquidity_change_1d",
      "importance": 0.04382333067895556
    },
    {
      "feature": "volume_change_1d",
      "importance": 0.029101617538699553
    },
    {
      "feature": "momentum_3d",
      "importance": 0.01973361209302298
    },
    {
      "feature": "volume_momentum",
      "importance": 0.01774206655385234
    },
    {
      "feature": "volume_ma_7d",
      "importance": 0.016158742987099236
    },
    {
      "feature": "volatility_5d",
      "importance": 0.014868919513961854
    },
    {
      "feature": "vol_mom_3v1",
      "importance": 0.01033937134000441
    },
    {
      "feature": "score",
      "importance": 0.006124396578491724
    },
    {
      "feature": "zscore_vol_10d",
      "importance": 0.005403480756557596
    },
    {
      "feature": "vol_mom_5v3",
      "importance": 0.003778724800046633
    },
    {
      "feature": "zscore_liq_10d",
      "importance": 0.003118352210674355
    },
    {
      "feature": "volatility_10d",
      "importance": 0.0029765425159082124
    },
    {
      "feature": "signal_numeric",
      "importance": 0.0013574277461980326
    },
    {
      "feature": "liquidity_change_3d",
      "importance": 0.0008116939744545861
    }
  ],
  "return_feature_importance": [
    {
      "feature": "volume_24h_usd",
      "importance": 0.2339823471901667
    },
    {
      "feature": "price_change_1d",
      "importance": 0.15639894105613766
    },
    {
      "feature": "volume_to_liquidity",
      "importance": 0.13957989021578898
    },
    {
      "feature": "volume_ma_3d",
      "importance": 0.1360029117251417
    },
    {
      "feature": "liquidity_usd",
      "importance": 0.10519419076746134
    },
    {
      "feature": "price_usd",
      "importance": 0.10414922621842095
    },
    {
      "feature": "volume_change_1d",
      "importance": 0.02584433181719871
    },
    {
      "feature": "vol_mom_3v1",
      "importance": 0.02380881521634899
    },
    {
      "feature": "liquidity_change_1d",
      "importance": 0.01721156218018542
    },
    {
      "feature": "volatility_5d",
      "importance": 0.014049308828511499
    },
    {
      "feature": "volume_momentum",
      "importance": 0.012617245450417314
    },
    {
      "feature": "momentum_3d",
      "importance": 0.007983227625276174
    },
    {
      "feature": "zscore_vol_10d",
      "importance": 0.00661973602935998
    },
    {
      "feature": "score",
      "importance": 0.006577028520108568
    },
    {
      "feature": "volume_ma_7d",
      "importance": 0.0042569089650752985
    },
    {
      "feature": "volume_change_3d",
      "importance": 0.0029739346026997925
    },
    {
      "feature": "zscore_liq_10d",
      "importance": 0.0015761109158654296
    },
    {
      "feature": "volatility_10d",
      "importance": 0.0011742826758356286
    },
    {
      "feature": "price_change_5d",
      "importance": 0.0
    },
    {
      "feature": "price_change_7d",
      "importance": 0.0
    }
  ],
  "timestamp": "2025-11-10T22:22:34.240300"
}