{
  "target_horizon": "3d",
  "n_train": 187,
  "n_test": 46,
  "n_features": 29,
  "pump_classifier": {
    "auc": 0.5720430107526882,
    "confusion_matrix": [
      [
        11,
        4
      ],
      [
        25,
        6
      ]
    ],
    "predictions": [
      0,
      1,
      1,
      0,
      1,
      0,
      0,
      0,
      0,
      0,
      1,
      0,
      0,
      1,
      0,
      0,
      0,
      0,
      0,
      0,
      0,
      0,
      0,
      0,
      0,
      0,
      0,
      0,
      0,
      0,
      0,
      0,
      0,
      0,
      0,
      1,
      0,
      0,
      0,
      0,
      1,
      1,
      1,
      0,
      1,
      0
    ],
    "probabilities": [
      0.03356115506963535,
      0.6236104983325607,
      0.5413385037722535,
      0.24999438110529085,
      0.7162776911463886,
      0.3453340276725352,
      0.23369009460875617,
      0.04694788223946438,
      0.4937537596774137,
      0.1452977847316083,
      0.506201956423595,
      0.43308846686509256,
      0.37311131730818997,
      0.5013259259143567,
      0.25123266918503484,
      0.2728318691112808,
      0.29439001744491355,
      0.03778074382232598,
      0.2187359690468541,
      0.2831134630333547,
      0.16570646591970126,
      0.09371564390722603,
      0.23011324592811777,
      0.21131831594238354,
      0.3219100425718071,
      0.21017592630329823,
      0.38095350950219375,
      0.44426256387945545,
      0.3490502542607032,
      0.2885853379191613,
      0.08941785670943884,
      0.3057461875192968,
      0.03907078711236926,
      0.4932210827221331,
      0.426871213358492,
      0.5613764098140792,
      0.18329236373835758,
      0.38203284606334664,
      0.28316417297299645,
      0.2381261042356721,
      0.5825311027096445,
      0.5544229925474139,
      0.6162522041548798,
      0.49881428269505607,
      0.6732139215826193,
      0.24175138591964848
    ]
  },
  "return_regressor": {
    "mae": 0.709193406719573,
    "mse": 1.39327939953198,
    "rmse": 1.1803725681038084,
    "r2": -0.1784211292116713,
    "predictions": [
      0.0029026472689688454,
      0.40764912810251536,
      0.25794628190846036,
      0.2463136801629785,
      0.620371300522659,
      0.35819997820213273,
      0.1079207567759624,
      0.06061190195686236,
      0.276764246532333,
      0.06939223531133197,
      0.2903064409956463,
      0.22629280998484944,
      0.11293669957592625,
      0.38468581370636334,
      0.06736489543636527,
      0.2602395842234359,
      0.37915838824058024,
      0.05406088225375303,
      0.14940108693328338,
      0.38748988000401224,
      0.058809550057317944,
      0.046022206348566456,
      0.0816681484942365,
      0.1881367452366253,
      0.3013866549862573,
      0.13599077829273426,
      0.1633452803724137,
      0.3184999973938982,
      0.1631373058886262,
      0.07912158486505519,
      0.11090357744455781,
      0.22887792378734012,
      -0.013307605223749585,
      0.3872674471782112,
      0.23302819653660842,
      0.5298608700101203,
      0.10902953934345268,
      0.09281199726563365,
      0.0710689229893452,
      0.10250390732291947,
      0.4447096865979166,
      0.42403377086982785,
      0.39599497494013713,
      0.32192878943510145,
      0.6580961067828669,
      0.052180908527996665
    ]
  },
  "pump_feature_importance": [
    {
      "feature": "volume_24h_usd",
      "importance": 0.22214726185647163
    },
    {
      "feature": "volume_to_liquidity",
      "importance": 0.17684836332963919
    },
    {
      "feature": "liquidity_usd",
      "importance": 0.12157698069731968
    },
    {
      "feature": "price_usd",
      "importance": 0.1076572581239043
    },
    {
      "feature": "volume_ma_3d",
      "importance": 0.10441816793414962
    },
    {
      "feature": "price_change_1d",
      "importance": 0.07976829047052522
    },
    {
      "feature": "liquidity_change_1d",
      "importance": 0.0446452843586717
    },
    {
      "feature": "volume_change_1d",
      "importance": 0.03601039743079112
    },
    {
      "feature": "volume_momentum",
      "importance": 0.023890628903290058
    },
    {
      "feature": "volume_ma_7d",
      "importance": 0.018105387844392296
    },
    {
      "feature": "volatility_5d",
      "importance": 0.01804819709529355
    },
    {
      "feature": "momentum_3d",
      "importance": 0.014690415252026067
    },
    {
      "feature": "vol_mom_3v1",
      "importance": 0.00983978739781043
    },
    {
      "feature": "zscore_liq_10d",
      "importance": 0.006380509171731523
    },
    {
      "feature": "score",
      "importance": 0.005582610581214807
    },
    {
      "feature": "zscore_vol_10d",
      "importance": 0.0035843508883355957
    },
    {
      "feature": "signal_numeric",
      "importance": 0.00318455724153331
    },
    {
      "feature": "vol_mom_5v3",
      "importance": 0.0025459119973039257
    },
    {
      "feature": "volume_change_3d",
      "importance": 0.0010756394255959471
    },
    {
      "feature": "price_change_5d",
      "importance": 0.0
    }
  ],
  "return_feature_importance": [
    {
      "feature": "volume_24h_usd",
      "importance": 0.24407309664320706
    },
    {
      "feature": "volume_ma_3d",
      "importance": 0.14854426945792437
    },
    {
      "feature": "volume_to_liquidity",
      "importance": 0.12416853420115186
    },
    {
      "feature": "liquidity_usd",
      "importance": 0.12029682728099486
    },
    {
      "feature": "price_change_1d",
      "importance": 0.1077665120369605
    },
    {
      "feature": "price_usd",
      "importance": 0.08837182451052339
    },
    {
      "feature": "volume_change_1d",
      "importance": 0.051308048420464325
    },
    {
      "feature": "vol_mom_3v1",
      "importance": 0.025491243621517914
    },
    {
      "feature": "volume_momentum",
      "importance": 0.024394932214779768
    },
    {
      "feature": "liquidity_change_1d",
      "importance": 0.02111070243076745
    },
    {
      "feature": "momentum_3d",
      "importance": 0.01313589190180988
    },
    {
      "feature": "score",
      "importance": 0.012345377035940321
    },
    {
      "feature": "volume_ma_7d",
      "importance": 0.008431781053169182
    },
    {
      "feature": "volatility_5d",
      "importance": 0.00555877102644609
    },
    {
      "feature": "zscore_vol_10d",
      "importance": 0.0038672135369760318
    },
    {
      "feature": "zscore_liq_10d",
      "importance": 0.000697768382147045
    },
    {
      "feature": "signal_numeric",
      "importance": 0.0004372062452199397
    },
    {
      "feature": "price_change_3d",
      "importance": 0.0
    },
    {
      "feature": "volatility_10d",
      "importance": 0.0
    },
    {
      "feature": "price_change_5d",
      "importance": 0.0
    }
  ],
  "timestamp": "2025-11-10T08:41:30.071468"
}