{
  "target_horizon": "3d",
  "n_train": 191,
  "n_test": 47,
  "n_features": 29,
  "pump_classifier": {
    "auc": 0.5333333333333333,
    "confusion_matrix": [
      [
        15,
        2
      ],
      [
        27,
        3
      ]
    ],
    "predictions": [
      0,
      0,
      0,
      0,
      0,
      0,
      1,
      0,
      0,
      0,
      0,
      0,
      0,
      0,
      0,
      0,
      0,
      0,
      0,
      0,
      0,
      0,
      0,
      0,
      0,
      0,
      0,
      1,
      0,
      0,
      1,
      0,
      0,
      1,
      0,
      0,
      1,
      0,
      0,
      0,
      0,
      0,
      0,
      0,
      0,
      0,
      0
    ],
    "probabilities": [
      0.42697408227230377,
      0.3172972969554239,
      0.3788285018093418,
      0.362625908889299,
      0.36939466174055297,
      0.45151931982688204,
      0.5952786735796024,
      0.1434345690518124,
      0.12895523368109496,
      0.21281549075174425,
      0.1219425149183762,
      0.42093961605130353,
      0.1694551432059038,
      0.4438021920918208,
      0.3127828937021937,
      0.45905600779149175,
      0.21191708071197227,
      0.17026358579448236,
      0.2430043435988112,
      0.12744136041055207,
      0.3318493522167345,
      0.21165523855913904,
      0.25834655373785237,
      0.4468432552299271,
      0.33310453470209567,
      0.14604427719050406,
      0.14890912786617116,
      0.520691809335523,
      0.38005937709458487,
      0.4310682429107358,
      0.5803666353455053,
      0.47980601106693277,
      0.33154331095350265,
      0.5529170385826938,
      0.2536797877952003,
      0.16425759765543865,
      0.5363547669619679,
      0.2522043571365986,
      0.4002289955944756,
      0.4169858702557621,
      0.266048119463532,
      0.22073990631984328,
      0.06663467618397627,
      0.23944114540541744,
      0.32846750274003417,
      0.08826036486446702,
      0.3043352273221505
    ]
  },
  "return_regressor": {
    "mae": 0.8126058869234309,
    "mse": 1.873003231080589,
    "rmse": 1.3685770826228931,
    "r2": -0.19711212277694767,
    "predictions": [
      0.45501265650261097,
      0.1559063765385472,
      0.08434908037426338,
      0.20675701954866577,
      0.26292866143421223,
      0.22227049133410634,
      0.7021996981908856,
      0.11701125076242702,
      0.04320504572347448,
      0.09647023712051932,
      0.010876822707530487,
      0.3347180308805671,
      0.18089876787293002,
      0.36432241634271184,
      0.07066529789848339,
      0.20172623497379485,
      0.06683689653832389,
      0.0630982696133917,
      0.022107092507943796,
      0.055246114111912686,
      0.1675107100336323,
      0.2424426765369907,
      0.17527309573214506,
      0.2513019837037546,
      0.18079612400840303,
      0.0746620228001466,
      0.07816130945580829,
      0.42860474829610146,
      0.08552027812061329,
      0.2006612283309016,
      0.7217887626105436,
      0.47828247751819064,
      0.1970544068727403,
      0.31497755616588585,
      0.07718892324827996,
      0.16570239210899146,
      0.34742504752109027,
      0.12748687150259738,
      0.30139373149298426,
      0.3291546407611767,
      0.1282000951379851,
      0.062290662248026096,
      0.022757721087213665,
      0.3142601626333475,
      0.20279395891220323,
      0.03205368391384848,
      0.1518223480208535
    ]
  },
  "pump_feature_importance": [
    {
      "feature": "volume_24h_usd",
      "importance": 0.21863150659879851
    },
    {
      "feature": "volume_to_liquidity",
      "importance": 0.1872903530720185
    },
    {
      "feature": "price_usd",
      "importance": 0.09960446978515457
    },
    {
      "feature": "liquidity_usd",
      "importance": 0.09901565892296346
    },
    {
      "feature": "price_change_1d",
      "importance": 0.09625555025422876
    },
    {
      "feature": "volume_ma_3d",
      "importance": 0.0625900309619537
    },
    {
      "feature": "liquidity_change_1d",
      "importance": 0.05327268218954618
    },
    {
      "feature": "volume_momentum",
      "importance": 0.04533893727610234
    },
    {
      "feature": "volume_change_1d",
      "importance": 0.04021822520338333
    },
    {
      "feature": "volume_ma_7d",
      "importance": 0.022138751422583973
    },
    {
      "feature": "momentum_3d",
      "importance": 0.020497756818269968
    },
    {
      "feature": "volatility_5d",
      "importance": 0.018140246042007268
    },
    {
      "feature": "vol_mom_3v1",
      "importance": 0.010309469905686517
    },
    {
      "feature": "zscore_liq_10d",
      "importance": 0.006617180916451341
    },
    {
      "feature": "zscore_vol_10d",
      "importance": 0.006599571039647643
    },
    {
      "feature": "score",
      "importance": 0.00573732567829209
    },
    {
      "feature": "signal_numeric",
      "importance": 0.002450825992274807
    },
    {
      "feature": "price_change_3d",
      "importance": 0.0022088914219731575
    },
    {
      "feature": "vol_mom_5v3",
      "importance": 0.002081122312672823
    },
    {
      "feature": "volatility_10d",
      "importance": 0.0006491431443637035
    }
  ],
  "return_feature_importance": [
    {
      "feature": "price_change_1d",
      "importance": 0.26900713462001286
    },
    {
      "feature": "volume_24h_usd",
      "importance": 0.2329522600404366
    },
    {
      "feature": "liquidity_usd",
      "importance": 0.11972117951437014
    },
    {
      "feature": "volume_to_liquidity",
      "importance": 0.11641738860362331
    },
    {
      "feature": "price_usd",
      "importance": 0.0925216694996742
    },
    {
      "feature": "volume_change_1d",
      "importance": 0.046325282568811146
    },
    {
      "feature": "volume_ma_3d",
      "importance": 0.04578281761600483
    },
    {
      "feature": "liquidity_change_1d",
      "importance": 0.02010968632451095
    },
    {
      "feature": "volume_momentum",
      "importance": 0.013905875515992969
    },
    {
      "feature": "volatility_10d",
      "importance": 0.01324755255098753
    },
    {
      "feature": "momentum_3d",
      "importance": 0.009819270822176438
    },
    {
      "feature": "vol_mom_3v1",
      "importance": 0.008323167689966725
    },
    {
      "feature": "volume_ma_7d",
      "importance": 0.005202985159459061
    },
    {
      "feature": "volatility_5d",
      "importance": 0.004882427413732609
    },
    {
      "feature": "zscore_liq_10d",
      "importance": 0.0013334461921395357
    },
    {
      "feature": "vol_mom_5v3",
      "importance": 0.00038283563949439325
    },
    {
      "feature": "score",
      "importance": 6.502022860676438e-05
    },
    {
      "feature": "volume_change_3d",
      "importance": 0.0
    },
    {
      "feature": "price_change_3d",
      "importance": 0.0
    },
    {
      "feature": "price_change_5d",
      "importance": 0.0
    }
  ],
  "timestamp": "2025-11-06T08:45:34.269288"
}