{
  "target_horizon": "3d",
  "n_train": 182,
  "n_test": 45,
  "n_features": 29,
  "pump_classifier": {
    "auc": 0.6686507936507937,
    "confusion_matrix": [
      [
        18,
        3
      ],
      [
        16,
        8
      ]
    ],
    "predictions": [
      0,
      0,
      0,
      0,
      0,
      0,
      1,
      1,
      0,
      0,
      0,
      1,
      0,
      0,
      0,
      0,
      0,
      1,
      0,
      0,
      0,
      0,
      0,
      0,
      0,
      0,
      0,
      0,
      1,
      0,
      0,
      1,
      0,
      1,
      1,
      1,
      0,
      1,
      0,
      0,
      0,
      0,
      1,
      0,
      0
    ],
    "probabilities": [
      0.20813117744828272,
      0.4287178835815207,
      0.19545523283682734,
      0.1274016441075264,
      0.1780744224587697,
      0.05904390415666743,
      0.6068941994280227,
      0.7039182361841805,
      0.3878131219815867,
      0.17486477050605,
      0.4243068536153676,
      0.6057115471130179,
      0.42062235820594956,
      0.42668980038161086,
      0.08087376972517181,
      0.05451361044739238,
      0.10733319033907268,
      0.654234630891984,
      0.07521303054681247,
      0.45621209267953444,
      0.2067443420614473,
      0.3848512375856176,
      0.20934671227317142,
      0.3049263662206385,
      0.16220785764391898,
      0.25919408223355583,
      0.3430596028014131,
      0.40049416677545097,
      0.5784191606395552,
      0.3412566361630893,
      0.39517863536121384,
      0.500401060377531,
      0.27994660753203826,
      0.5939159595228211,
      0.7062932198520432,
      0.662111085576157,
      0.18133754308352715,
      0.6172759622300643,
      0.13140204695285002,
      0.46220633346271894,
      0.3643073846088553,
      0.3407643836858767,
      0.5303766582433912,
      0.2863323119885127,
      0.2786011882361041
    ]
  },
  "return_regressor": {
    "mae": 0.6493426344426045,
    "mse": 1.3617996155943646,
    "rmse": 1.1669617027110892,
    "r2": -0.06332880219875059,
    "predictions": [
      0.20426964675954565,
      0.239882894190072,
      0.04838615996648468,
      0.10839782303879093,
      0.09155768259779958,
      -0.006923010461545418,
      0.3232782025768484,
      0.652899814161627,
      0.2486079781893754,
      0.11347999779326859,
      0.2951460527526088,
      0.3875007169996968,
      0.3400516115699054,
      0.09084651520658739,
      0.0138734013270337,
      0.00042120032830769623,
      0.09949402403095826,
      0.7002353438052915,
      -0.009103594147188244,
      0.4181641304419743,
      0.15696058276255076,
      0.3846444391840402,
      -0.008359369252815855,
      0.3166254717458211,
      0.04452142817907541,
      0.2116376336059456,
      0.16425518749413645,
      0.23514293604264158,
      0.5466425032751613,
      0.09742344366772084,
      0.20342234393013225,
      0.389054247056314,
      0.1206040256834954,
      0.5104747150512464,
      0.7428544426021283,
      0.4916288784270852,
      0.06823412049453446,
      0.44001225197940286,
      0.007177920784530107,
      0.35939561869850223,
      0.28383542414289564,
      0.37879996270316935,
      0.38142753083232334,
      0.16466187088087486,
      -0.0008889091021892421
    ]
  },
  "pump_feature_importance": [
    {
      "feature": "volume_24h_usd",
      "importance": 0.24814461704040638
    },
    {
      "feature": "volume_to_liquidity",
      "importance": 0.15308865529529747
    },
    {
      "feature": "price_usd",
      "importance": 0.13520739187993924
    },
    {
      "feature": "liquidity_usd",
      "importance": 0.11246701422648318
    },
    {
      "feature": "volume_ma_3d",
      "importance": 0.09390181849502008
    },
    {
      "feature": "price_change_1d",
      "importance": 0.07086127614260106
    },
    {
      "feature": "liquidity_change_1d",
      "importance": 0.048973863113400934
    },
    {
      "feature": "volume_change_1d",
      "importance": 0.036155484203670984
    },
    {
      "feature": "volume_ma_7d",
      "importance": 0.021097305718397776
    },
    {
      "feature": "momentum_3d",
      "importance": 0.018666128221023
    },
    {
      "feature": "volume_momentum",
      "importance": 0.01855922178977177
    },
    {
      "feature": "vol_mom_3v1",
      "importance": 0.012629461383617526
    },
    {
      "feature": "volatility_5d",
      "importance": 0.01051654673644224
    },
    {
      "feature": "signal_numeric",
      "importance": 0.004378626514762913
    },
    {
      "feature": "zscore_liq_10d",
      "importance": 0.004268241929188242
    },
    {
      "feature": "vol_mom_5v3",
      "importance": 0.004237074510450408
    },
    {
      "feature": "zscore_vol_10d",
      "importance": 0.004232910814243248
    },
    {
      "feature": "score",
      "importance": 0.001341651099669549
    },
    {
      "feature": "liquidity_change_3d",
      "importance": 0.0008555710278210088
    },
    {
      "feature": "volume_change_3d",
      "importance": 0.0004171398577928778
    }
  ],
  "return_feature_importance": [
    {
      "feature": "volume_24h_usd",
      "importance": 0.27385445310380163
    },
    {
      "feature": "volume_ma_3d",
      "importance": 0.15429965277935354
    },
    {
      "feature": "volume_to_liquidity",
      "importance": 0.11778915310635368
    },
    {
      "feature": "liquidity_usd",
      "importance": 0.11475211474440221
    },
    {
      "feature": "price_usd",
      "importance": 0.09567974722676481
    },
    {
      "feature": "price_change_1d",
      "importance": 0.08290979177427132
    },
    {
      "feature": "volume_change_1d",
      "importance": 0.03828105655455101
    },
    {
      "feature": "volatility_5d",
      "importance": 0.02570572252256805
    },
    {
      "feature": "vol_mom_3v1",
      "importance": 0.021727462723270426
    },
    {
      "feature": "momentum_3d",
      "importance": 0.016456168007861153
    },
    {
      "feature": "liquidity_change_1d",
      "importance": 0.0134669842015554
    },
    {
      "feature": "volume_momentum",
      "importance": 0.012041438290203984
    },
    {
      "feature": "volume_ma_7d",
      "importance": 0.011078434695654225
    },
    {
      "feature": "score",
      "importance": 0.009579049493481494
    },
    {
      "feature": "zscore_vol_10d",
      "importance": 0.005587170057507077
    },
    {
      "feature": "zscore_liq_10d",
      "importance": 0.003994993837116561
    },
    {
      "feature": "volatility_10d",
      "importance": 0.0018801999850704782
    },
    {
      "feature": "vol_mom_5v3",
      "importance": 0.0008827719143130455
    },
    {
      "feature": "signal_numeric",
      "importance": 3.363498189974039e-05
    },
    {
      "feature": "price_change_5d",
      "importance": 0.0
    }
  ],
  "timestamp": "2025-11-08T08:40:22.956033"
}