{
  "target_horizon": "3d",
  "n_train": 188,
  "n_test": 46,
  "n_features": 29,
  "pump_classifier": {
    "auc": 0.6206896551724137,
    "confusion_matrix": [
      [
        14,
        3
      ],
      [
        20,
        9
      ]
    ],
    "predictions": [
      1,
      1,
      0,
      0,
      0,
      0,
      0,
      0,
      1,
      0,
      0,
      0,
      1,
      0,
      0,
      0,
      1,
      0,
      0,
      0,
      1,
      0,
      0,
      0,
      0,
      0,
      0,
      0,
      0,
      0,
      0,
      0,
      1,
      0,
      0,
      1,
      1,
      0,
      1,
      0,
      0,
      0,
      1,
      1,
      0,
      0
    ],
    "probabilities": [
      0.5951175230808117,
      0.5482134337233169,
      0.48743391247231715,
      0.4612166595644971,
      0.22722081409581407,
      0.49445837771426604,
      0.20364488766783317,
      0.4007131720819075,
      0.6239329038000659,
      0.45323219315009916,
      0.11555166745298324,
      0.24445308518450923,
      0.5725703019513658,
      0.14100707710829938,
      0.2528460235503798,
      0.20264322777589291,
      0.6960586499141731,
      0.2794341203702652,
      0.30023903891018977,
      0.18133176790529731,
      0.5055814362187637,
      0.08496988446988447,
      0.2860765375779654,
      0.2581710746558944,
      0.2047787921315397,
      0.3103381720906116,
      0.20211936684166706,
      0.3562273164155949,
      0.3383089151069983,
      0.3560388241310973,
      0.42221807965509117,
      0.47752435535829724,
      0.634926146110054,
      0.4027716053379209,
      0.11202846477846476,
      0.6030293757530493,
      0.7127385219427294,
      0.44526811029928287,
      0.5652178613837655,
      0.3728954837108082,
      0.44893040412480245,
      0.3754115920748997,
      0.5913824889972482,
      0.6194280479713076,
      0.3151741838704526,
      0.3169672733576246
    ]
  },
  "return_regressor": {
    "mae": 0.7022495185956577,
    "mse": 1.3944130339643976,
    "rmse": 1.1808526724212456,
    "r2": -0.14049927947420926,
    "predictions": [
      0.3795859260516683,
      0.22844573337796192,
      0.21753876479215645,
      0.30827553806284197,
      0.0758429850066308,
      0.2606104439341731,
      0.12216143828166899,
      0.16061551768307297,
      0.5837579052271906,
      0.3096184404546464,
      0.04888490147711819,
      0.22054390054153925,
      0.38831748379794134,
      0.055592371968662756,
      0.1700155957170507,
      0.024781872634885734,
      0.5520289346495424,
      0.23860957260043147,
      0.2948423718036238,
      0.17050257580334627,
      0.27102951424431576,
      0.016469529253272285,
      0.10811698804691376,
      0.05881747478905733,
      0.12674325429938338,
      0.06926028553603529,
      0.029168530299594514,
      0.20277793512424527,
      0.2669801354229087,
      0.2544798549348771,
      0.19334313672081468,
      0.27789736053213326,
      0.5409476838139673,
      0.179906740357003,
      0.0434044839392722,
      0.544969173775447,
      0.683293648071211,
      0.18424722279347358,
      0.48373276525772646,
      0.2722532334981671,
      0.13519372560507426,
      0.23303738667201596,
      0.40948081584396023,
      0.35306980853619097,
      0.3274976716611301,
      0.10772883877416399
    ]
  },
  "pump_feature_importance": [
    {
      "feature": "volume_24h_usd",
      "importance": 0.21396164600946257
    },
    {
      "feature": "volume_to_liquidity",
      "importance": 0.1578399940997444
    },
    {
      "feature": "liquidity_usd",
      "importance": 0.11672529486491853
    },
    {
      "feature": "price_usd",
      "importance": 0.10222436934542797
    },
    {
      "feature": "volume_ma_3d",
      "importance": 0.08997323151752828
    },
    {
      "feature": "price_change_1d",
      "importance": 0.08772810266803262
    },
    {
      "feature": "liquidity_change_1d",
      "importance": 0.05577770714632194
    },
    {
      "feature": "volume_change_1d",
      "importance": 0.048534729414509474
    },
    {
      "feature": "volume_ma_7d",
      "importance": 0.02792990039528522
    },
    {
      "feature": "volume_momentum",
      "importance": 0.027765656673703495
    },
    {
      "feature": "volatility_5d",
      "importance": 0.021485283660384494
    },
    {
      "feature": "momentum_3d",
      "importance": 0.01986879098289126
    },
    {
      "feature": "zscore_liq_10d",
      "importance": 0.00876408386796824
    },
    {
      "feature": "vol_mom_3v1",
      "importance": 0.008378049260606181
    },
    {
      "feature": "zscore_vol_10d",
      "importance": 0.005179260153044627
    },
    {
      "feature": "score",
      "importance": 0.003482465487706022
    },
    {
      "feature": "volatility_10d",
      "importance": 0.0020129063774642977
    },
    {
      "feature": "vol_mom_5v3",
      "importance": 0.0013163734045780568
    },
    {
      "feature": "signal_numeric",
      "importance": 0.000605647469288234
    },
    {
      "feature": "volume_change_3d",
      "importance": 0.0004465072011341783
    }
  ],
  "return_feature_importance": [
    {
      "feature": "volume_24h_usd",
      "importance": 0.261041657398241
    },
    {
      "feature": "volume_to_liquidity",
      "importance": 0.1326087892460242
    },
    {
      "feature": "volume_ma_3d",
      "importance": 0.12070581323167223
    },
    {
      "feature": "price_usd",
      "importance": 0.10669204805508777
    },
    {
      "feature": "liquidity_usd",
      "importance": 0.10400876735770767
    },
    {
      "feature": "price_change_1d",
      "importance": 0.09841691389213775
    },
    {
      "feature": "volume_change_1d",
      "importance": 0.04754044496483039
    },
    {
      "feature": "vol_mom_3v1",
      "importance": 0.028944776762911982
    },
    {
      "feature": "liquidity_change_1d",
      "importance": 0.02333798642653486
    },
    {
      "feature": "volume_ma_7d",
      "importance": 0.020444205828464127
    },
    {
      "feature": "volume_momentum",
      "importance": 0.016874797735479587
    },
    {
      "feature": "momentum_3d",
      "importance": 0.015525692628611048
    },
    {
      "feature": "volatility_5d",
      "importance": 0.012792388122192739
    },
    {
      "feature": "volatility_10d",
      "importance": 0.005089697272516318
    },
    {
      "feature": "score",
      "importance": 0.002683392454362969
    },
    {
      "feature": "zscore_liq_10d",
      "importance": 0.0014912439139498285
    },
    {
      "feature": "volume_change_3d",
      "importance": 0.0013939763128597272
    },
    {
      "feature": "zscore_vol_10d",
      "importance": 0.0002096710447408804
    },
    {
      "feature": "vol_mom_5v3",
      "importance": 0.00018764962466421932
    },
    {
      "feature": "signal_numeric",
      "importance": 1.0087727010727092e-05
    }
  ],
  "timestamp": "2025-11-09T14:54:16.080637"
}