{
  "target_horizon": "3d",
  "n_train": 192,
  "n_test": 48,
  "n_features": 29,
  "pump_classifier": {
    "auc": 0.476890756302521,
    "confusion_matrix": [
      [
        11,
        3
      ],
      [
        28,
        6
      ]
    ],
    "predictions": [
      0,
      0,
      0,
      0,
      0,
      0,
      1,
      0,
      0,
      0,
      0,
      0,
      0,
      1,
      1,
      0,
      0,
      0,
      0,
      0,
      0,
      0,
      1,
      0,
      0,
      1,
      0,
      1,
      0,
      0,
      0,
      0,
      0,
      0,
      0,
      0,
      0,
      0,
      1,
      0,
      1,
      0,
      0,
      0,
      1,
      0,
      0,
      0
    ],
    "probabilities": [
      0.44130416750895907,
      0.11343600821557041,
      0.49159410341979987,
      0.10049252932177817,
      0.3916800648629183,
      0.04534519282544598,
      0.5272037842560373,
      0.49933986386270507,
      0.23918344586756465,
      0.17109433501125404,
      0.3624485134146898,
      0.04160723417474717,
      0.30062736998491674,
      0.5468702207460253,
      0.5025564076446427,
      0.47127403753217295,
      0.10028506289854773,
      0.2199139014579322,
      0.06082478632478632,
      0.12704198881578754,
      0.2345133399955915,
      0.2590850071321307,
      0.5012927809059278,
      0.4233602483079939,
      0.156138390613802,
      0.516811712924775,
      0.12796791171791175,
      0.5640566728381559,
      0.041813828127371125,
      0.24712657764589724,
      0.26656331312674225,
      0.15929877571556614,
      0.17076917481629844,
      0.34926274340495683,
      0.33212095697039,
      0.4792045114449403,
      0.35591921044105734,
      0.1559155253348802,
      0.6231785333237377,
      0.4368033504760933,
      0.5236608606398623,
      0.10732075253535094,
      0.3751601364911254,
      0.22679421064683183,
      0.6193096790001895,
      0.4790137287658206,
      0.28513274525039234,
      0.1821562253319287
    ]
  },
  "return_regressor": {
    "mae": 0.8389307485811797,
    "mse": 1.6962664111768557,
    "rmse": 1.3024079280996625,
    "r2": -0.3245295983390406,
    "predictions": [
      0.24007825929445087,
      0.07565253037723164,
      0.5937423768604926,
      0.04367063197872421,
      0.15687067208599573,
      0.008825040330448182,
      0.38085868186566885,
      0.19468894588264785,
      0.1368189830049099,
      0.10838921133722314,
      0.4446581445660134,
      0.02219734638432034,
      0.2062766488267182,
      0.3698091897530439,
      0.34185169127182763,
      0.2889988031810843,
      0.046555267366439015,
      0.09830009953626578,
      0.04816037133082902,
      0.08408497537663653,
      0.06719270374766935,
      0.2111864218390815,
      0.36425511496555757,
      0.26982043037962183,
      0.03206966998766367,
      0.4458171862300928,
      0.07919095822974329,
      0.5520681516675723,
      -0.0012468235796941585,
      0.14990912397678272,
      0.10774963283335304,
      -0.00971870965667118,
      0.12076700948638171,
      0.2978064464923395,
      0.10071705797563041,
      0.3555407182596953,
      0.11927924311964791,
      0.13612681202624707,
      0.7053976530301217,
      0.13936594695220286,
      0.5374598295617226,
      0.021264473361026725,
      0.11143264223374824,
      0.14770770724949403,
      0.4315185501307499,
      0.2909260591547626,
      0.30307359642762627,
      0.08361694056989948
    ]
  },
  "pump_feature_importance": [
    {
      "feature": "volume_24h_usd",
      "importance": 0.2110792045287797
    },
    {
      "feature": "volume_to_liquidity",
      "importance": 0.14282639770834948
    },
    {
      "feature": "liquidity_usd",
      "importance": 0.13878715984248113
    },
    {
      "feature": "price_usd",
      "importance": 0.10764640033472139
    },
    {
      "feature": "volume_ma_3d",
      "importance": 0.08236242827819366
    },
    {
      "feature": "price_change_1d",
      "importance": 0.07515048165326312
    },
    {
      "feature": "liquidity_change_1d",
      "importance": 0.059492666960710976
    },
    {
      "feature": "volume_change_1d",
      "importance": 0.041328457699681825
    },
    {
      "feature": "volume_ma_7d",
      "importance": 0.02971032866659924
    },
    {
      "feature": "momentum_3d",
      "importance": 0.02746109708939288
    },
    {
      "feature": "volume_momentum",
      "importance": 0.02676242395885359
    },
    {
      "feature": "volatility_5d",
      "importance": 0.01803553725417168
    },
    {
      "feature": "vol_mom_3v1",
      "importance": 0.011067304529151709
    },
    {
      "feature": "zscore_liq_10d",
      "importance": 0.0075613331276424625
    },
    {
      "feature": "score",
      "importance": 0.005876166573547808
    },
    {
      "feature": "zscore_vol_10d",
      "importance": 0.0051261506460170535
    },
    {
      "feature": "volatility_10d",
      "importance": 0.003481412907806284
    },
    {
      "feature": "signal_numeric",
      "importance": 0.0032014886413121745
    },
    {
      "feature": "vol_mom_5v3",
      "importance": 0.0015118119527301388
    },
    {
      "feature": "price_change_3d",
      "importance": 0.0013021822608837292
    }
  ],
  "return_feature_importance": [
    {
      "feature": "price_change_1d",
      "importance": 0.2497030476711539
    },
    {
      "feature": "volume_24h_usd",
      "importance": 0.22845233485147165
    },
    {
      "feature": "liquidity_usd",
      "importance": 0.12804542662280666
    },
    {
      "feature": "volume_ma_3d",
      "importance": 0.09105553587103044
    },
    {
      "feature": "volume_to_liquidity",
      "importance": 0.08414665371646987
    },
    {
      "feature": "price_usd",
      "importance": 0.06797920126652075
    },
    {
      "feature": "volume_change_1d",
      "importance": 0.05649575678891627
    },
    {
      "feature": "momentum_3d",
      "importance": 0.024353885951183974
    },
    {
      "feature": "liquidity_change_1d",
      "importance": 0.021045933045142445
    },
    {
      "feature": "volume_momentum",
      "importance": 0.013330963180487904
    },
    {
      "feature": "volume_ma_7d",
      "importance": 0.013240436265372071
    },
    {
      "feature": "volatility_5d",
      "importance": 0.011699531876565044
    },
    {
      "feature": "volatility_10d",
      "importance": 0.00503139909983855
    },
    {
      "feature": "vol_mom_3v1",
      "importance": 0.0023441146232868935
    },
    {
      "feature": "price_change_3d",
      "importance": 0.0018030276887890458
    },
    {
      "feature": "zscore_liq_10d",
      "importance": 0.0005193592842480851
    },
    {
      "feature": "zscore_vol_10d",
      "importance": 0.000497294497249173
    },
    {
      "feature": "score",
      "importance": 0.00025609769946728395
    },
    {
      "feature": "volume_change_3d",
      "importance": 0.0
    },
    {
      "feature": "price_change_5d",
      "importance": 0.0
    }
  ],
  "timestamp": "2025-11-04T08:41:47.225866"
}