{
  "target_horizon": "3d",
  "n_train": 184,
  "n_test": 46,
  "n_features": 29,
  "pump_classifier": {
    "auc": 0.49423076923076925,
    "confusion_matrix": [
      [
        15,
        5
      ],
      [
        19,
        7
      ]
    ],
    "predictions": [
      0,
      1,
      0,
      0,
      0,
      0,
      0,
      1,
      0,
      0,
      0,
      0,
      0,
      1,
      1,
      0,
      1,
      0,
      0,
      0,
      0,
      0,
      1,
      0,
      1,
      0,
      0,
      0,
      0,
      0,
      0,
      0,
      0,
      0,
      0,
      1,
      0,
      1,
      0,
      1,
      0,
      0,
      1,
      1,
      0,
      0
    ],
    "probabilities": [
      0.012348696195992059,
      0.6163618056370446,
      0.05649278749057865,
      0.44113366058732195,
      0.46283919416048586,
      0.08714295657454225,
      0.055593912772120016,
      0.6124410391418972,
      0.018356299703595567,
      0.06026712065079423,
      0.40061618398938215,
      0.4858641500305813,
      0.27791954844672234,
      0.5646121105042551,
      0.6528579963628754,
      0.45529798288774936,
      0.5100306816422541,
      0.2623141659428437,
      0.05208164860146957,
      0.32050252583261263,
      0.2435485156080962,
      0.1806896212531729,
      0.6224888769939919,
      0.2521370907525158,
      0.6218345391793231,
      0.11739961061642701,
      0.45914471628258724,
      0.03467219694201791,
      0.0937798995385731,
      0.051654632906340536,
      0.22975615057008905,
      0.16149100232467586,
      0.16591458949719534,
      0.3434995236119283,
      0.374018786204141,
      0.5427445767942296,
      0.408989246299601,
      0.6702651730121779,
      0.40202858165639155,
      0.5156789199479778,
      0.34257609782389276,
      0.21956690736575302,
      0.6298543959186101,
      0.5754087135282787,
      0.2946384743067964,
      0.19969904402772168
    ]
  },
  "return_regressor": {
    "mae": 0.5192749654333243,
    "mse": 0.971949093877517,
    "rmse": 0.9858747861049684,
    "r2": -0.07397765749968932,
    "predictions": [
      -0.0027602643435162403,
      0.46260732855137227,
      0.09506056970276378,
      0.22015881069797658,
      0.26316565081652304,
      0.09161934634643008,
      0.039562215290086085,
      0.3071266703978526,
      0.008748077847732086,
      0.05907256212884195,
      0.4232108398760296,
      0.32026554449113326,
      0.05525935387481394,
      0.5646583382012677,
      0.633708410893986,
      0.2825245236744166,
      0.31560920288065364,
      0.1660320803173027,
      0.03965296546674193,
      0.38167940122688654,
      0.16906528286643202,
      0.11835427347812699,
      0.3524266702652647,
      0.1865521806797745,
      0.5724640562984739,
      0.07536615967306984,
      0.41581066349790463,
      -0.012230400368656585,
      0.0004366468760961617,
      0.04887538525302501,
      0.14825440147129232,
      0.010288915978180204,
      0.08241330639344376,
      0.1862860174591993,
      0.20900223239595572,
      0.3082894741773843,
      0.22336282697134816,
      0.7281575808921223,
      0.22556384718655187,
      0.49301523365189787,
      0.04776649399662752,
      0.14981849457337815,
      0.4378838219881625,
      0.5264956292829339,
      0.3346707578680062,
      0.032071622193634394
    ]
  },
  "pump_feature_importance": [
    {
      "feature": "volume_24h_usd",
      "importance": 0.24522182844090587
    },
    {
      "feature": "volume_to_liquidity",
      "importance": 0.16699017636518249
    },
    {
      "feature": "liquidity_usd",
      "importance": 0.11491940081179096
    },
    {
      "feature": "price_usd",
      "importance": 0.11460329354281695
    },
    {
      "feature": "volume_ma_3d",
      "importance": 0.10815088287383916
    },
    {
      "feature": "price_change_1d",
      "importance": 0.07408455310066366
    },
    {
      "feature": "liquidity_change_1d",
      "importance": 0.03937590993195499
    },
    {
      "feature": "volume_ma_7d",
      "importance": 0.031588748610355176
    },
    {
      "feature": "volume_change_1d",
      "importance": 0.025036450118862377
    },
    {
      "feature": "volatility_5d",
      "importance": 0.019006037036945315
    },
    {
      "feature": "volume_momentum",
      "importance": 0.0174199509624536
    },
    {
      "feature": "momentum_3d",
      "importance": 0.013321083961790608
    },
    {
      "feature": "vol_mom_3v1",
      "importance": 0.010183877856758367
    },
    {
      "feature": "zscore_liq_10d",
      "importance": 0.005391863536736381
    },
    {
      "feature": "zscore_vol_10d",
      "importance": 0.004421589494186944
    },
    {
      "feature": "signal_numeric",
      "importance": 0.003587610212830382
    },
    {
      "feature": "score",
      "importance": 0.003508021954506848
    },
    {
      "feature": "vol_mom_5v3",
      "importance": 0.0019604156775049077
    },
    {
      "feature": "volume_change_3d",
      "importance": 0.0012283055099149777
    },
    {
      "feature": "price_change_5d",
      "importance": 0.0
    }
  ],
  "return_feature_importance": [
    {
      "feature": "volume_24h_usd",
      "importance": 0.22977104263727632
    },
    {
      "feature": "volume_ma_3d",
      "importance": 0.16962083874719164
    },
    {
      "feature": "price_change_1d",
      "importance": 0.1238466512642029
    },
    {
      "feature": "liquidity_usd",
      "importance": 0.11641885989348191
    },
    {
      "feature": "volume_to_liquidity",
      "importance": 0.09515297645487167
    },
    {
      "feature": "price_usd",
      "importance": 0.07362492132976929
    },
    {
      "feature": "volume_change_1d",
      "importance": 0.0461546900045128
    },
    {
      "feature": "volume_ma_7d",
      "importance": 0.03879924359284299
    },
    {
      "feature": "liquidity_change_1d",
      "importance": 0.03366682220379379
    },
    {
      "feature": "volatility_5d",
      "importance": 0.020748148605507253
    },
    {
      "feature": "volume_momentum",
      "importance": 0.01990218912949288
    },
    {
      "feature": "momentum_3d",
      "importance": 0.015617882533922925
    },
    {
      "feature": "vol_mom_3v1",
      "importance": 0.009631435371512597
    },
    {
      "feature": "zscore_liq_10d",
      "importance": 0.004174367288773384
    },
    {
      "feature": "zscore_vol_10d",
      "importance": 0.0017320158362671867
    },
    {
      "feature": "score",
      "importance": 0.0010337273103995129
    },
    {
      "feature": "signal_numeric",
      "importance": 9.79218985354815e-05
    },
    {
      "feature": "vol_mom_5v3",
      "importance": 6.265897645667731e-06
    },
    {
      "feature": "price_change_3d",
      "importance": 0.0
    },
    {
      "feature": "price_change_5d",
      "importance": 0.0
    }
  ],
  "timestamp": "2025-11-02T23:12:46.329519"
}