{
  "target_horizon": "3d",
  "n_train": 186,
  "n_test": 46,
  "n_features": 29,
  "pump_classifier": {
    "auc": 0.565922920892495,
    "confusion_matrix": [
      [
        14,
        3
      ],
      [
        21,
        8
      ]
    ],
    "predictions": [
      0,
      0,
      1,
      0,
      0,
      0,
      0,
      0,
      0,
      1,
      0,
      1,
      0,
      1,
      0,
      0,
      0,
      0,
      0,
      0,
      0,
      0,
      1,
      1,
      0,
      1,
      1,
      0,
      0,
      0,
      0,
      0,
      0,
      0,
      0,
      1,
      0,
      0,
      0,
      0,
      1,
      0,
      0,
      0,
      1,
      0
    ],
    "probabilities": [
      0.4002154315842395,
      0.03255732762404305,
      0.5259297756675797,
      0.25570487083231186,
      0.44059185748891627,
      0.13307853855015128,
      0.026326484710028127,
      0.12516223602981352,
      0.4529140873335248,
      0.570435531788473,
      0.46076388885831077,
      0.5672150078679492,
      0.2674875144768521,
      0.649731662128721,
      0.25517245184483034,
      0.48649606847400956,
      0.02900254332787944,
      0.2225747068679727,
      0.29007749533075616,
      0.454667627049593,
      0.31071559958234773,
      0.3059451799930553,
      0.5680365161654779,
      0.6173581138823628,
      0.0793420745920746,
      0.5536819858464582,
      0.6398292888312239,
      0.42733148055967823,
      0.4084783274403962,
      0.39657215850917976,
      0.3899591201567704,
      0.24905915191806294,
      0.2422709684812726,
      0.2038485102062689,
      0.1526434851096616,
      0.5336718404637942,
      0.027701479224077005,
      0.4057484688384651,
      0.25492215483791564,
      0.07993703711272564,
      0.5233773969472499,
      0.0971104690379641,
      0.3473172347107192,
      0.04406514727102962,
      0.5069073842823844,
      0.19176395503187568
    ]
  },
  "return_regressor": {
    "mae": 0.6342374924980729,
    "mse": 1.2449465466992131,
    "rmse": 1.1157717269671306,
    "r2": -0.1875542848646603,
    "predictions": [
      0.3193058076493544,
      0.025838495669648714,
      0.21277851162969189,
      0.1172917560989054,
      0.1695258114724022,
      0.06502496239290219,
      -0.009455891012069567,
      0.05817066697565219,
      0.2154704376903204,
      0.3178982645814401,
      0.18895890325619655,
      0.47614038540225656,
      0.110721183158675,
      0.3808307909622656,
      0.14154797314120204,
      0.393436520634699,
      0.0013908722089467343,
      0.13907559129155153,
      0.12065269953481883,
      0.5539362789821325,
      0.19248222063399695,
      0.24297518202618168,
      0.40655825978281035,
      0.4107388200032189,
      0.0633857205044449,
      0.39673980266132525,
      0.7467257159300799,
      0.2151588250765174,
      0.20463709009193537,
      0.15490356238523162,
      0.11137874619917959,
      0.07820308622176335,
      0.09753489921841102,
      0.0958416120763415,
      0.009640162541321235,
      0.364157523735082,
      -0.017946708894627298,
      0.0903885172867661,
      0.14235325206617497,
      0.03479595919827365,
      0.2845381294317031,
      0.017548576659471914,
      0.42720823975686445,
      -0.016409682316893687,
      0.34298452651570116,
      0.0016018335251460692
    ]
  },
  "pump_feature_importance": [
    {
      "feature": "volume_24h_usd",
      "importance": 0.24593068028743764
    },
    {
      "feature": "volume_to_liquidity",
      "importance": 0.15586353103642198
    },
    {
      "feature": "price_usd",
      "importance": 0.11662422258143228
    },
    {
      "feature": "liquidity_usd",
      "importance": 0.10264927916369401
    },
    {
      "feature": "price_change_1d",
      "importance": 0.09573251696622571
    },
    {
      "feature": "volume_ma_3d",
      "importance": 0.08350283193217536
    },
    {
      "feature": "liquidity_change_1d",
      "importance": 0.05160621608531699
    },
    {
      "feature": "volume_change_1d",
      "importance": 0.031439740304522235
    },
    {
      "feature": "volume_momentum",
      "importance": 0.02700735697684076
    },
    {
      "feature": "volatility_5d",
      "importance": 0.023240190863011236
    },
    {
      "feature": "volume_ma_7d",
      "importance": 0.023065952904637397
    },
    {
      "feature": "momentum_3d",
      "importance": 0.013112091038965445
    },
    {
      "feature": "vol_mom_3v1",
      "importance": 0.013004715981102912
    },
    {
      "feature": "zscore_liq_10d",
      "importance": 0.005479718505178307
    },
    {
      "feature": "score",
      "importance": 0.002866173764558727
    },
    {
      "feature": "vol_mom_5v3",
      "importance": 0.0026305174006078552
    },
    {
      "feature": "signal_numeric",
      "importance": 0.002605874674573065
    },
    {
      "feature": "zscore_vol_10d",
      "importance": 0.0022050796143770674
    },
    {
      "feature": "volume_change_3d",
      "importance": 0.0009394696107592527
    },
    {
      "feature": "volatility_10d",
      "importance": 0.0004938403081615705
    }
  ],
  "return_feature_importance": [
    {
      "feature": "volume_24h_usd",
      "importance": 0.2979963575459497
    },
    {
      "feature": "price_change_1d",
      "importance": 0.1377571303496427
    },
    {
      "feature": "volume_to_liquidity",
      "importance": 0.12427773128198484
    },
    {
      "feature": "volume_ma_3d",
      "importance": 0.12266070428960876
    },
    {
      "feature": "liquidity_usd",
      "importance": 0.10718318181153758
    },
    {
      "feature": "price_usd",
      "importance": 0.08720986278555151
    },
    {
      "feature": "volume_change_1d",
      "importance": 0.030737951065495192
    },
    {
      "feature": "vol_mom_3v1",
      "importance": 0.028119113810914035
    },
    {
      "feature": "volume_ma_7d",
      "importance": 0.011456388427473412
    },
    {
      "feature": "liquidity_change_1d",
      "importance": 0.010465345947822672
    },
    {
      "feature": "volume_momentum",
      "importance": 0.009601354616747902
    },
    {
      "feature": "zscore_liq_10d",
      "importance": 0.00949424758079886
    },
    {
      "feature": "volatility_5d",
      "importance": 0.008985244807646824
    },
    {
      "feature": "momentum_3d",
      "importance": 0.006020641179000563
    },
    {
      "feature": "score",
      "importance": 0.005339867101443696
    },
    {
      "feature": "zscore_vol_10d",
      "importance": 0.0025565195163231576
    },
    {
      "feature": "signal_numeric",
      "importance": 0.0001383578820583767
    },
    {
      "feature": "price_change_3d",
      "importance": 0.0
    },
    {
      "feature": "volatility_10d",
      "importance": 0.0
    },
    {
      "feature": "price_change_5d",
      "importance": 0.0
    }
  ],
  "timestamp": "2025-11-03T08:42:02.445447"
}