{
  "target_horizon": "3d",
  "n_train": 192,
  "n_test": 47,
  "n_features": 101,
  "pump_classifier": {
    "auc": 0.5974025974025974,
    "confusion_matrix": [
      [
        11,
        3
      ],
      [
        22,
        11
      ]
    ],
    "predictions": [
      0,
      1,
      0,
      0,
      0,
      0,
      0,
      1,
      0,
      1,
      1,
      0,
      1,
      0,
      0,
      0,
      0,
      0,
      1,
      0,
      0,
      0,
      0,
      0,
      0,
      0,
      0,
      0,
      0,
      1,
      1,
      0,
      1,
      0,
      0,
      1,
      1,
      0,
      1,
      0,
      0,
      0,
      0,
      0,
      1,
      1,
      0
    ],
    "probabilities": [
      0.06589811711585905,
      0.5725420682258916,
      0.29102749538043665,
      0.30968724465498654,
      0.044918319136061056,
      0.3636307749808697,
      0.10409346343620539,
      0.767611875697402,
      0.2926268467195887,
      0.6886213231213231,
      0.5652365689865689,
      0.3328243942987152,
      0.5209676547994964,
      0.31168894504188627,
      0.22146743068178157,
      0.11321374593148788,
      0.4254446329813976,
      0.11482735351413567,
      0.6423827161400689,
      0.45270311114144113,
      0.16810786875053327,
      0.3139843153379268,
      0.36127195843372306,
      0.08904150150924343,
      0.09334697381471573,
      0.3212135144378353,
      0.2284553808221502,
      0.14927510124284318,
      0.19484518698785153,
      0.5003729683515795,
      0.5543295732045732,
      0.36811062548562545,
      0.6449869731717557,
      0.3922749500499501,
      0.11090623399897595,
      0.6711026488131752,
      0.7569779834458628,
      0.38430421999990294,
      0.5278516956140643,
      0.33590589528540193,
      0.08008939805713998,
      0.37902756961947115,
      0.3659550706362684,
      0.24276634915901368,
      0.5293344769265823,
      0.5541107141956535,
      0.24972630913367952
    ]
  },
  "return_regressor": {
    "mae": 0.7667753255071499,
    "mse": 1.7013124845294618,
    "rmse": 1.304343698773242,
    "r2": -0.20790076128749635,
    "predictions": [
      0.017598176903405857,
      0.37726497553672017,
      0.38171397194199874,
      0.07324085939272011,
      -0.0007001460335392204,
      0.41348482636981543,
      0.038336859051547274,
      0.6842967650392385,
      0.4092149164497384,
      0.3860082124370496,
      0.3162421317880318,
      0.18806311941737444,
      0.6275943403184913,
      0.35589092358659896,
      0.3396663921555666,
      0.0804210970107629,
      0.28434706047941055,
      0.06787877934566086,
      0.33091134433475067,
      0.31983095388529537,
      0.08569162638723489,
      0.16262085695461362,
      0.16944853200487547,
      0.0024331690778616345,
      0.11347873393360713,
      0.4388767225947361,
      0.07179690312896714,
      0.08847859512964687,
      0.11485427536354276,
      0.26590680985809934,
      0.2800720417513659,
      0.22690689993699614,
      0.7346025689392558,
      0.208005847743988,
      0.10272761567442439,
      0.44823498566249886,
      0.792125803999309,
      0.38064926239080066,
      0.3759455030831503,
      0.18200705205334336,
      0.020862754329611658,
      0.07172640226634168,
      0.11893240181421555,
      0.15520851208134567,
      0.7134745943083112,
      0.4057377667214857,
      0.09532408097452282
    ]
  },
  "pump_feature_importance": [
    {
      "feature": "turnover_ratio",
      "importance": 0.0992331173622383
    },
    {
      "feature": "volume_24h_usd",
      "importance": 0.09629030822870802
    },
    {
      "feature": "volume_to_liquidity",
      "importance": 0.06684330775898745
    },
    {
      "feature": "volume_profile_3d",
      "importance": 0.0614710572407009
    },
    {
      "feature": "volume_share",
      "importance": 0.0599515392917127
    },
    {
      "feature": "liquidity_usd",
      "importance": 0.052676390184953424
    },
    {
      "feature": "liquidity_depth",
      "importance": 0.05129199950197206
    },
    {
      "feature": "price_usd",
      "importance": 0.04444208347202804
    },
    {
      "feature": "turnover_ratio_ma7",
      "importance": 0.04012534722183006
    },
    {
      "feature": "volume_ma_3d",
      "importance": 0.038796188246869506
    },
    {
      "feature": "volume_concentration",
      "importance": 0.03823032581860412
    },
    {
      "feature": "price_change_1d",
      "importance": 0.03588977510232328
    },
    {
      "feature": "macd_histogram",
      "importance": 0.03178982844496801
    },
    {
      "feature": "liquidity_share",
      "importance": 0.029923738603609508
    },
    {
      "feature": "macd_signal",
      "importance": 0.026591866893884108
    },
    {
      "feature": "macd",
      "importance": 0.02341381084180075
    },
    {
      "feature": "liquidity_change_1d",
      "importance": 0.020915422239728535
    },
    {
      "feature": "market_divergence",
      "importance": 0.01969480411919233
    },
    {
      "feature": "momentum_1d",
      "importance": 0.013254943463128952
    },
    {
      "feature": "volume_ma_7d",
      "importance": 0.011572888203015172
    }
  ],
  "return_feature_importance": [
    {
      "feature": "turnover_ratio_ma7",
      "importance": 0.17570316050014478
    },
    {
      "feature": "volume_share",
      "importance": 0.09398707921222492
    },
    {
      "feature": "volume_24h_usd",
      "importance": 0.08692711468528193
    },
    {
      "feature": "liquidity_depth",
      "importance": 0.062487788636906655
    },
    {
      "feature": "volume_profile_3d",
      "importance": 0.05880817125336169
    },
    {
      "feature": "momentum_1d",
      "importance": 0.05450142257476828
    },
    {
      "feature": "volume_concentration",
      "importance": 0.05041565141400453
    },
    {
      "feature": "price_change_1d",
      "importance": 0.04689314360773838
    },
    {
      "feature": "turnover_ratio",
      "importance": 0.04300426756579279
    },
    {
      "feature": "volume_ma_3d",
      "importance": 0.03610791155521729
    },
    {
      "feature": "liquidity_share",
      "importance": 0.035891208468892086
    },
    {
      "feature": "price_usd",
      "importance": 0.024737105305921533
    },
    {
      "feature": "liquidity_usd",
      "importance": 0.0237950639554984
    },
    {
      "feature": "volume_to_liquidity",
      "importance": 0.022781761965638206
    },
    {
      "feature": "volume_change_1d",
      "importance": 0.021540802041180255
    },
    {
      "feature": "macd_histogram",
      "importance": 0.018494341941311786
    },
    {
      "feature": "volume_ratio_3v7",
      "importance": 0.01802280047209813
    },
    {
      "feature": "trend_strength",
      "importance": 0.011875695753010245
    },
    {
      "feature": "liquidity_efficiency",
      "importance": 0.011717528249704066
    },
    {
      "feature": "regime_alignment_score",
      "importance": 0.010275204061265785
    }
  ],
  "timestamp": "2025-11-11T17:01:56.392561"
}