{
  "target_horizon": "3d",
  "n_train": 188,
  "n_test": 47,
  "n_features": 29,
  "pump_classifier": {
    "auc": 0.625,
    "confusion_matrix": [
      [
        14,
        1
      ],
      [
        28,
        4
      ]
    ],
    "predictions": [
      0,
      0,
      0,
      0,
      0,
      0,
      0,
      0,
      0,
      0,
      0,
      0,
      0,
      0,
      1,
      0,
      1,
      0,
      0,
      1,
      0,
      0,
      0,
      0,
      0,
      0,
      0,
      0,
      1,
      0,
      0,
      0,
      0,
      0,
      1,
      0,
      0,
      0,
      0,
      0,
      0,
      0,
      0,
      0,
      0,
      0,
      0
    ],
    "probabilities": [
      0.3334418650092024,
      0.30797681899268586,
      0.2690437752820105,
      0.4459517972165032,
      0.44619201106198014,
      0.0857085560767476,
      0.09562366888291356,
      0.4038491839974039,
      0.11187805073348449,
      0.1926908806823186,
      0.304029244220851,
      0.17045301420237283,
      0.0352372202509418,
      0.49161850165642745,
      0.5481408020370867,
      0.36631888019388015,
      0.6172061219940475,
      0.21189455663336734,
      0.20188866217308682,
      0.5202611903347197,
      0.14054964290445343,
      0.2642399851923479,
      0.14461920061920058,
      0.12428865219185481,
      0.47965586391740994,
      0.2502524326459518,
      0.34340916011504247,
      0.08938245244182044,
      0.5612812348137244,
      0.3868185517279764,
      0.029036059700533384,
      0.2921928217692924,
      0.24498962593118942,
      0.23844898180085117,
      0.5036127701909773,
      0.08936731949284546,
      0.25839358311816235,
      0.21474213945653575,
      0.4658373714635326,
      0.2862428336881349,
      0.3559364227390543,
      0.3377599950099949,
      0.2673357724659733,
      0.40829627781869327,
      0.11960140116652722,
      0.19532374647244247,
      0.17293236729168449
    ]
  },
  "return_regressor": {
    "mae": 0.7493906771594684,
    "mse": 1.721053453538289,
    "rmse": 1.3118892687793011,
    "r2": -0.162304134526692,
    "predictions": [
      0.17459184737551506,
      0.24882846122694302,
      0.14195822536283026,
      0.27839770971507927,
      0.2693910647712379,
      0.008599258919844035,
      0.14303911676375505,
      0.46495577835714175,
      0.04476742918248621,
      0.173264466039762,
      0.20494415896626758,
      0.10751972797178412,
      0.017947756035073283,
      0.28621636074560186,
      0.5059313258751278,
      0.19708392911478698,
      0.5400567032849988,
      0.1229686276093919,
      0.2175721241930796,
      0.41798212080933794,
      0.0811168486573138,
      0.18882652510884906,
      0.12205735779211299,
      0.0033995237170104022,
      0.5217840737356252,
      0.4021100232729806,
      0.15383369729444105,
      0.039262870848371774,
      0.6456009252619741,
      0.4339545510615168,
      0.024972976732290007,
      0.09723495852615766,
      0.18369580792930867,
      0.12650343828193233,
      0.4659934059541227,
      0.013923610256199597,
      0.3060548681210669,
      0.08403336270653208,
      0.3629917346992569,
      0.26770602026944185,
      0.23140133099021865,
      0.27442191141772004,
      0.10991896976506206,
      0.27260206488587624,
      0.018840545626858204,
      0.04155300611768878,
      0.07685410127109377
    ]
  },
  "pump_feature_importance": [
    {
      "feature": "volume_24h_usd",
      "importance": 0.23175582604166972
    },
    {
      "feature": "volume_to_liquidity",
      "importance": 0.14053736522713212
    },
    {
      "feature": "liquidity_usd",
      "importance": 0.13872005811112587
    },
    {
      "feature": "price_usd",
      "importance": 0.0985614138332821
    },
    {
      "feature": "price_change_1d",
      "importance": 0.0906080411391497
    },
    {
      "feature": "volume_ma_3d",
      "importance": 0.08171255439361391
    },
    {
      "feature": "liquidity_change_1d",
      "importance": 0.05445692502366444
    },
    {
      "feature": "volume_momentum",
      "importance": 0.03871733528059237
    },
    {
      "feature": "volume_change_1d",
      "importance": 0.032117487386895065
    },
    {
      "feature": "volume_ma_7d",
      "importance": 0.030339900750747405
    },
    {
      "feature": "volatility_5d",
      "importance": 0.014716350285221667
    },
    {
      "feature": "vol_mom_3v1",
      "importance": 0.014269832502668979
    },
    {
      "feature": "momentum_3d",
      "importance": 0.013819778154646474
    },
    {
      "feature": "score",
      "importance": 0.004881728149158039
    },
    {
      "feature": "vol_mom_5v3",
      "importance": 0.004433068551856539
    },
    {
      "feature": "zscore_liq_10d",
      "importance": 0.004076767426644669
    },
    {
      "feature": "zscore_vol_10d",
      "importance": 0.003805129279267099
    },
    {
      "feature": "signal_numeric",
      "importance": 0.0024142998289402523
    },
    {
      "feature": "volume_change_3d",
      "importance": 5.613863372356614e-05
    },
    {
      "feature": "price_change_5d",
      "importance": 0.0
    }
  ],
  "return_feature_importance": [
    {
      "feature": "volume_24h_usd",
      "importance": 0.26443625700139944
    },
    {
      "feature": "volume_to_liquidity",
      "importance": 0.13510204397793651
    },
    {
      "feature": "price_change_1d",
      "importance": 0.11779814795350607
    },
    {
      "feature": "liquidity_usd",
      "importance": 0.10865896758586477
    },
    {
      "feature": "volume_ma_3d",
      "importance": 0.0971166512441552
    },
    {
      "feature": "price_usd",
      "importance": 0.0701702671813129
    },
    {
      "feature": "volume_change_1d",
      "importance": 0.060804682087390406
    },
    {
      "feature": "vol_mom_3v1",
      "importance": 0.03276576003863145
    },
    {
      "feature": "volume_momentum",
      "importance": 0.025437668339396705
    },
    {
      "feature": "liquidity_change_1d",
      "importance": 0.019734446736716083
    },
    {
      "feature": "volume_ma_7d",
      "importance": 0.01601749045548959
    },
    {
      "feature": "zscore_liq_10d",
      "importance": 0.015538437317958563
    },
    {
      "feature": "momentum_3d",
      "importance": 0.015029071435672002
    },
    {
      "feature": "volatility_5d",
      "importance": 0.013288773523041737
    },
    {
      "feature": "score",
      "importance": 0.004067185210526935
    },
    {
      "feature": "zscore_vol_10d",
      "importance": 0.0017772206291754842
    },
    {
      "feature": "volume_change_3d",
      "importance": 0.001379144113812522
    },
    {
      "feature": "volatility_10d",
      "importance": 0.0008777851680137422
    },
    {
      "feature": "price_change_5d",
      "importance": 0.0
    },
    {
      "feature": "price_change_7d",
      "importance": 0.0
    }
  ],
  "timestamp": "2025-11-05T19:25:17.054141"
}