{
  "target_horizon": "3d",
  "n_train": 185,
  "n_test": 46,
  "n_features": 29,
  "pump_classifier": {
    "auc": 0.6413255360623782,
    "confusion_matrix": [
      [
        16,
        3
      ],
      [
        16,
        11
      ]
    ],
    "predictions": [
      0,
      1,
      0,
      0,
      0,
      0,
      0,
      0,
      0,
      0,
      0,
      1,
      0,
      0,
      1,
      1,
      0,
      1,
      0,
      0,
      0,
      0,
      0,
      0,
      0,
      0,
      0,
      0,
      0,
      0,
      1,
      0,
      1,
      1,
      1,
      0,
      1,
      0,
      0,
      1,
      1,
      0,
      1,
      0,
      1,
      0
    ],
    "probabilities": [
      0.36590598187280743,
      0.5600706040495147,
      0.31365121966130666,
      0.37545958683619185,
      0.4739821671315622,
      0.4671252793649259,
      0.0956954496518392,
      0.0913209382017379,
      0.37155566190359124,
      0.2833383651386294,
      0.07390309493389463,
      0.5445959516237373,
      0.34094785282171286,
      0.09618054156134125,
      0.5176151105278829,
      0.5581639834351171,
      0.4418777104503841,
      0.56042071906389,
      0.3329126077697297,
      0.03851170520682716,
      0.29335148020148016,
      0.4075139647260338,
      0.2537975101350144,
      0.09921720202227577,
      0.4094069094994973,
      0.3236500024720911,
      0.3046624228309054,
      0.33814881452090745,
      0.458665062472432,
      0.4270216676988144,
      0.6257070753621631,
      0.2954504142784147,
      0.637739585757837,
      0.5370229726563616,
      0.5757364539712068,
      0.1479820366333524,
      0.6757662710557873,
      0.28402227022246496,
      0.14580402836710887,
      0.6029222408160464,
      0.5477771348692531,
      0.27731852045661454,
      0.5143748344110566,
      0.15613891108555836,
      0.5008784492525241,
      0.3185352608223487
    ]
  },
  "return_regressor": {
    "mae": 0.8262022930999152,
    "mse": 2.1585571536395802,
    "rmse": 1.46920289736972,
    "r2": -0.23259210174823974,
    "predictions": [
      0.18679617800983436,
      0.279742998156438,
      0.03416707592930887,
      0.37048496075438647,
      0.1905618308819169,
      0.1345006830292858,
      0.0679292917991024,
      -0.00855863739682207,
      0.06413957428630479,
      0.14683246072963899,
      0.007083855992705637,
      0.1848298473636497,
      0.16351364193659448,
      0.012994543760498491,
      0.2925758655048006,
      0.37539570089548036,
      0.2107027709458382,
      0.17419569074601904,
      0.2409174041544595,
      0.05310333731611098,
      0.05383211431146761,
      0.09656675890291226,
      0.027654482911413016,
      0.07257501321381579,
      0.11619649832777876,
      0.07316658493136693,
      0.13511491757217003,
      0.180054172952107,
      0.16026505215466208,
      0.11926824329049737,
      0.28318595328755247,
      0.1651983064868226,
      0.3584257438268809,
      0.4613285684105706,
      0.3771168665892822,
      -0.0190999813489129,
      0.749886374200296,
      0.296793427487761,
      0.06965128137403392,
      0.4115950394010833,
      0.2968549438948844,
      0.010313734088139556,
      0.10129290827762186,
      0.08348529354385396,
      0.2711530340209384,
      0.06106389182189808
    ]
  },
  "pump_feature_importance": [
    {
      "feature": "volume_24h_usd",
      "importance": 0.2260090373690236
    },
    {
      "feature": "volume_to_liquidity",
      "importance": 0.1826201709244074
    },
    {
      "feature": "price_usd",
      "importance": 0.10808105044499676
    },
    {
      "feature": "liquidity_usd",
      "importance": 0.1052049818025295
    },
    {
      "feature": "price_change_1d",
      "importance": 0.08924003181955087
    },
    {
      "feature": "volume_ma_3d",
      "importance": 0.07971644730729827
    },
    {
      "feature": "liquidity_change_1d",
      "importance": 0.05357443506697013
    },
    {
      "feature": "volume_ma_7d",
      "importance": 0.036576684166767834
    },
    {
      "feature": "volume_change_1d",
      "importance": 0.02986100710301436
    },
    {
      "feature": "volume_momentum",
      "importance": 0.025413006803751307
    },
    {
      "feature": "volatility_5d",
      "importance": 0.014526886944782288
    },
    {
      "feature": "momentum_3d",
      "importance": 0.0108357570069153
    },
    {
      "feature": "vol_mom_3v1",
      "importance": 0.009273786704350633
    },
    {
      "feature": "zscore_liq_10d",
      "importance": 0.008261469809435434
    },
    {
      "feature": "zscore_vol_10d",
      "importance": 0.007282313637653426
    },
    {
      "feature": "score",
      "importance": 0.006570401444357981
    },
    {
      "feature": "signal_numeric",
      "importance": 0.003621637686040851
    },
    {
      "feature": "vol_mom_5v3",
      "importance": 0.0033308939581542184
    },
    {
      "feature": "price_change_3d",
      "importance": 0.0
    },
    {
      "feature": "price_change_5d",
      "importance": 0.0
    }
  ],
  "return_feature_importance": [
    {
      "feature": "price_change_1d",
      "importance": 0.2516559172283158
    },
    {
      "feature": "volume_24h_usd",
      "importance": 0.2454985743265926
    },
    {
      "feature": "volume_to_liquidity",
      "importance": 0.1379395043598979
    },
    {
      "feature": "liquidity_usd",
      "importance": 0.10553122743043156
    },
    {
      "feature": "price_usd",
      "importance": 0.08345685748005298
    },
    {
      "feature": "volume_ma_3d",
      "importance": 0.07693303755420147
    },
    {
      "feature": "volume_change_1d",
      "importance": 0.046278662992859015
    },
    {
      "feature": "liquidity_change_1d",
      "importance": 0.022104458217856008
    },
    {
      "feature": "volume_momentum",
      "importance": 0.010967083385603026
    },
    {
      "feature": "volume_ma_7d",
      "importance": 0.007532415419617138
    },
    {
      "feature": "volatility_5d",
      "importance": 0.007367147280062568
    },
    {
      "feature": "vol_mom_3v1",
      "importance": 0.0022372217052030437
    },
    {
      "feature": "zscore_liq_10d",
      "importance": 0.0008507109373611363
    },
    {
      "feature": "momentum_3d",
      "importance": 0.0006029287563474952
    },
    {
      "feature": "score",
      "importance": 0.0005457193500944114
    },
    {
      "feature": "signal_numeric",
      "importance": 0.0004499937702254144
    },
    {
      "feature": "vol_mom_5v3",
      "importance": 4.853980527869114e-05
    },
    {
      "feature": "price_change_3d",
      "importance": 0.0
    },
    {
      "feature": "volatility_10d",
      "importance": 0.0
    },
    {
      "feature": "price_change_5d",
      "importance": 0.0
    }
  ],
  "timestamp": "2025-11-05T08:45:09.855627"
}