{
  "target_horizon": "3d",
  "n_train": 192,
  "n_test": 47,
  "n_features": 29,
  "pump_classifier": {
    "auc": 0.6209677419354839,
    "confusion_matrix": [
      [
        14,
        2
      ],
      [
        29,
        2
      ]
    ],
    "predictions": [
      0,
      0,
      0,
      0,
      0,
      1,
      0,
      0,
      0,
      0,
      0,
      0,
      0,
      0,
      0,
      0,
      0,
      0,
      0,
      0,
      1,
      0,
      0,
      0,
      0,
      0,
      1,
      0,
      0,
      0,
      0,
      0,
      0,
      0,
      0,
      1,
      0,
      0,
      0,
      0,
      0,
      0,
      0,
      0,
      0,
      0,
      0
    ],
    "probabilities": [
      0.19584321552527517,
      0.11428714287833569,
      0.2314953392057419,
      0.1709513734005013,
      0.11399694217523282,
      0.6290243256986677,
      0.4678976990573352,
      0.3789195739735781,
      0.08888027791103449,
      0.39811684347500903,
      0.36513208700341054,
      0.27994717115974505,
      0.4599257687135409,
      0.2617910036257602,
      0.3634442470655705,
      0.23153301575021193,
      0.24026031538032439,
      0.2305660267820739,
      0.2249254735151033,
      0.17289980453014003,
      0.7637904189411941,
      0.38218401568473526,
      0.1759594166798114,
      0.3104912642182379,
      0.17103424885837673,
      0.30189768637729214,
      0.5196376666061264,
      0.13226575553272027,
      0.16849377233627172,
      0.49527632267329375,
      0.21488986446599045,
      0.44736365016977137,
      0.39959781596348976,
      0.2800715076046126,
      0.16962175742771957,
      0.5624660864233232,
      0.40627142815030487,
      0.20574456929937046,
      0.48653460197210197,
      0.4278097041158254,
      0.2918119004179012,
      0.23000074115149402,
      0.3064269950497951,
      0.42950901116509244,
      0.4423705760132244,
      0.2120649968100058,
      0.22695433048598726
    ]
  },
  "return_regressor": {
    "mae": 0.880583162869845,
    "mse": 2.1385252394951215,
    "rmse": 1.4623697341969033,
    "r2": -0.3408416063168882,
    "predictions": [
      0.029173650677662123,
      0.0030291940240008224,
      0.12698682739351785,
      0.13620903097364184,
      0.023687451571414407,
      0.6064590125548268,
      0.18408087096112627,
      0.29429239067181473,
      0.03285209667046904,
      0.13495139320855637,
      0.10171851350468711,
      0.11590008071641615,
      0.16465612302141672,
      0.07875471389397021,
      0.15077482191181227,
      0.1355168826875908,
      0.1258752076206129,
      0.05139524933658704,
      0.08721608824768745,
      -0.0014343155357164129,
      0.7907334855392445,
      0.33112709813813274,
      0.013752450072909941,
      0.23258824782008408,
      0.12488434253437312,
      0.17160696251514584,
      0.40550284570908035,
      0.02220988327525017,
      0.10399333375425336,
      0.3550646864713098,
      0.1494138943475119,
      0.1564798062934773,
      0.07101992305060463,
      0.13433904998903995,
      0.11985433437017001,
      0.2669080452073802,
      0.15305118141276697,
      0.12835949576739591,
      0.35818715545342167,
      0.14740417262981273,
      0.32745913026913165,
      0.12224067512063871,
      0.055205126350204435,
      0.10840615025637508,
      0.2161171857719664,
      0.05750693891782893,
      0.09675144865512353
    ]
  },
  "pump_feature_importance": [
    {
      "feature": "volume_24h_usd",
      "importance": 0.23330449329206177
    },
    {
      "feature": "volume_to_liquidity",
      "importance": 0.1689004999514961
    },
    {
      "feature": "price_usd",
      "importance": 0.1201535659817553
    },
    {
      "feature": "liquidity_usd",
      "importance": 0.11876436527384285
    },
    {
      "feature": "volume_ma_3d",
      "importance": 0.08613300176798924
    },
    {
      "feature": "price_change_1d",
      "importance": 0.07935630138640469
    },
    {
      "feature": "liquidity_change_1d",
      "importance": 0.054109464750348654
    },
    {
      "feature": "volume_change_1d",
      "importance": 0.025377552971921808
    },
    {
      "feature": "volume_ma_7d",
      "importance": 0.02202620200698894
    },
    {
      "feature": "volume_momentum",
      "importance": 0.02107889670842231
    },
    {
      "feature": "vol_mom_3v1",
      "importance": 0.015973298165746178
    },
    {
      "feature": "momentum_3d",
      "importance": 0.015479021649664472
    },
    {
      "feature": "volatility_5d",
      "importance": 0.014249823951930994
    },
    {
      "feature": "zscore_liq_10d",
      "importance": 0.00757478211129328
    },
    {
      "feature": "score",
      "importance": 0.0059915387678339095
    },
    {
      "feature": "signal_numeric",
      "importance": 0.0052058954807688625
    },
    {
      "feature": "zscore_vol_10d",
      "importance": 0.0039028591203819187
    },
    {
      "feature": "vol_mom_5v3",
      "importance": 0.0008329097360317801
    },
    {
      "feature": "liquidity_change_3d",
      "importance": 0.0006193615630050918
    },
    {
      "feature": "volume_change_3d",
      "importance": 0.0005315239727250162
    }
  ],
  "return_feature_importance": [
    {
      "feature": "volume_24h_usd",
      "importance": 0.21306471693611048
    },
    {
      "feature": "volume_to_liquidity",
      "importance": 0.17350812137530314
    },
    {
      "feature": "price_change_1d",
      "importance": 0.17167042850974532
    },
    {
      "feature": "price_usd",
      "importance": 0.13793989518798544
    },
    {
      "feature": "liquidity_usd",
      "importance": 0.10795797506698496
    },
    {
      "feature": "volume_ma_3d",
      "importance": 0.0831837063797644
    },
    {
      "feature": "volume_change_1d",
      "importance": 0.029218736010057082
    },
    {
      "feature": "vol_mom_3v1",
      "importance": 0.022842698888304935
    },
    {
      "feature": "liquidity_change_1d",
      "importance": 0.014615159671119203
    },
    {
      "feature": "zscore_liq_10d",
      "importance": 0.01131058894754752
    },
    {
      "feature": "volatility_5d",
      "importance": 0.011238630675515358
    },
    {
      "feature": "volume_ma_7d",
      "importance": 0.006805107244695171
    },
    {
      "feature": "momentum_3d",
      "importance": 0.0065830880986985476
    },
    {
      "feature": "volume_momentum",
      "importance": 0.005308219412196935
    },
    {
      "feature": "score",
      "importance": 0.0033187260525175434
    },
    {
      "feature": "signal_numeric",
      "importance": 0.001132206047741708
    },
    {
      "feature": "zscore_vol_10d",
      "importance": 0.00018890738952132493
    },
    {
      "feature": "vol_mom_5v3",
      "importance": 0.0001130881061907097
    },
    {
      "feature": "price_change_3d",
      "importance": 0.0
    },
    {
      "feature": "price_change_5d",
      "importance": 0.0
    }
  ],
  "timestamp": "2025-11-04T18:40:16.078177"
}