{
  "target_horizon": "3d",
  "n_train": 190,
  "n_test": 47,
  "n_features": 101,
  "pump_classifier": {
    "auc": 0.6774193548387097,
    "confusion_matrix": [
      [
        14,
        2
      ],
      [
        24,
        7
      ]
    ],
    "predictions": [
      0,
      0,
      0,
      1,
      0,
      1,
      0,
      0,
      0,
      0,
      0,
      1,
      0,
      0,
      0,
      0,
      0,
      0,
      0,
      1,
      0,
      0,
      0,
      0,
      0,
      0,
      0,
      0,
      0,
      0,
      0,
      0,
      0,
      1,
      0,
      0,
      0,
      0,
      1,
      0,
      0,
      1,
      0,
      1,
      1,
      0,
      0
    ],
    "probabilities": [
      0.04575317737817738,
      0.24855775765371949,
      0.2463535260229407,
      0.6631161101969926,
      0.07370446710152594,
      0.5454614478658598,
      0.4249176958060859,
      0.13571228012943126,
      0.11697906750112631,
      0.06162035009564079,
      0.2749267187061305,
      0.6195148903384197,
      0.28215214442420317,
      0.09219147519147515,
      0.37887163326869205,
      0.25542085447232504,
      0.1411900720403627,
      0.4035967782217781,
      0.2641896058877482,
      0.5245216033966033,
      0.45002371239871247,
      0.08659748407277477,
      0.18697339262045135,
      0.25992490784069733,
      0.24178436927738992,
      0.4079664445032092,
      0.4136396356911065,
      0.4959033355533355,
      0.3602745612230908,
      0.2767054677348795,
      0.11931739094239094,
      0.4749690513734632,
      0.2880867882117882,
      0.6917706023766396,
      0.2162917575719299,
      0.09817626817626816,
      0.12474281274281272,
      0.4526033048049301,
      0.5444533677107208,
      0.2914325445796033,
      0.253019916675728,
      0.5964748535777944,
      0.12895470437185552,
      0.5833952942482354,
      0.5416014573661633,
      0.32071941637653706,
      0.257347449677945
    ]
  },
  "return_regressor": {
    "mae": 0.7419763994720385,
    "mse": 1.6969844715282163,
    "rmse": 1.302683565386551,
    "r2": -0.16364270874933573,
    "predictions": [
      0.024820597088298566,
      0.0676479714606881,
      0.23792779092146787,
      0.7100830873867797,
      -0.026086075121881862,
      0.32544466529630284,
      0.3265461221290105,
      0.05173169904057387,
      0.02808679027691745,
      0.02117879908120706,
      0.1240829866740041,
      0.3003449944047294,
      0.278011055961625,
      0.0962865940217069,
      0.08773013060113559,
      0.283624238371113,
      0.07680330403622998,
      0.37889584721283937,
      0.12588925997636216,
      0.4142646281650103,
      0.21046537075258318,
      0.004452600531117056,
      0.06817311760086882,
      0.14719969001606198,
      0.09274659546166583,
      0.23241177199024007,
      0.19263781501387572,
      0.4384126683948933,
      0.19625989571673114,
      0.08579036913140606,
      0.11973797685644534,
      0.32086862188977866,
      0.3277129095673682,
      0.8037483312889083,
      0.10648797295698546,
      0.011975365038071976,
      0.10869116200100289,
      0.057507895538686696,
      0.5989989511928254,
      0.01732594942141692,
      0.137732134324071,
      0.6488571106758693,
      0.034824666542463384,
      0.3040564884033578,
      0.44209354430500497,
      0.1788654152445294,
      0.05851882719401925
    ]
  },
  "pump_feature_importance": [
    {
      "feature": "volume_24h_usd",
      "importance": 0.09831192516753053
    },
    {
      "feature": "turnover_ratio",
      "importance": 0.08501129999331355
    },
    {
      "feature": "volume_share",
      "importance": 0.07917786263122867
    },
    {
      "feature": "volume_profile_3d",
      "importance": 0.06562240561231071
    },
    {
      "feature": "liquidity_depth",
      "importance": 0.058868807034441015
    },
    {
      "feature": "volume_to_liquidity",
      "importance": 0.05561710445989292
    },
    {
      "feature": "liquidity_usd",
      "importance": 0.05505295800035264
    },
    {
      "feature": "price_change_1d",
      "importance": 0.05435338862853076
    },
    {
      "feature": "liquidity_share",
      "importance": 0.047756132369939516
    },
    {
      "feature": "volume_ma_3d",
      "importance": 0.038601249094929756
    },
    {
      "feature": "turnover_ratio_ma7",
      "importance": 0.03224100367167083
    },
    {
      "feature": "price_usd",
      "importance": 0.031207978657994722
    },
    {
      "feature": "momentum_1d",
      "importance": 0.027942084169573143
    },
    {
      "feature": "volume_concentration",
      "importance": 0.02611963056528954
    },
    {
      "feature": "macd_signal",
      "importance": 0.019124560667657397
    },
    {
      "feature": "liquidity_change_1d",
      "importance": 0.019116298366992836
    },
    {
      "feature": "macd_histogram",
      "importance": 0.016903152562520295
    },
    {
      "feature": "stoch_d",
      "importance": 0.016183327955375658
    },
    {
      "feature": "macd",
      "importance": 0.013532619807777582
    },
    {
      "feature": "liquidity_regime",
      "importance": 0.012785310593635968
    }
  ],
  "return_feature_importance": [
    {
      "feature": "volume_share",
      "importance": 0.12586457336418244
    },
    {
      "feature": "turnover_ratio_ma7",
      "importance": 0.11812851442060275
    },
    {
      "feature": "volume_24h_usd",
      "importance": 0.08614172775076359
    },
    {
      "feature": "liquidity_depth",
      "importance": 0.06790431441343397
    },
    {
      "feature": "volume_profile_3d",
      "importance": 0.06562261814766857
    },
    {
      "feature": "volume_concentration",
      "importance": 0.05800105310601296
    },
    {
      "feature": "momentum_1d",
      "importance": 0.05347630166597451
    },
    {
      "feature": "price_change_1d",
      "importance": 0.0470341741021684
    },
    {
      "feature": "volume_ma_3d",
      "importance": 0.043160858200068146
    },
    {
      "feature": "liquidity_usd",
      "importance": 0.0401616524480756
    },
    {
      "feature": "liquidity_share",
      "importance": 0.03418317108453266
    },
    {
      "feature": "price_usd",
      "importance": 0.02772172386476473
    },
    {
      "feature": "trend_strength",
      "importance": 0.024128307546440558
    },
    {
      "feature": "volume_ratio_3v7",
      "importance": 0.02411168073452645
    },
    {
      "feature": "turnover_ratio",
      "importance": 0.02280744752564607
    },
    {
      "feature": "volume_to_liquidity",
      "importance": 0.021358346027297522
    },
    {
      "feature": "market_divergence",
      "importance": 0.01657183396802343
    },
    {
      "feature": "volume_change_1d",
      "importance": 0.015886882019941075
    },
    {
      "feature": "liquidity_efficiency",
      "importance": 0.012564673540032035
    },
    {
      "feature": "vol_mom_3v1",
      "importance": 0.008792412413624318
    }
  ],
  "timestamp": "2025-11-11T19:45:35.262625"
}